Time,Temperature [C],Wind Speed [m/s],Wind Direction [deg],Precipitation [mm],URL
2025-01-19 05:00:00+00:00,0.5,3.6666666666666665,335.0,-1.3,2025-01-19-0500-CWTA-AUTO-minute-swob.xml
2025-01-19 05:01:00+00:00,0.4,2.25,343.0,0.0,2025-01-19-0501-CWTA-AUTO-minute-swob.xml
2025-01-19 05:02:00+00:00,0.4,2.555555555555556,336.0,0.0,2025-01-19-0502-CWTA-AUTO-minute-swob.xml
2025-01-19 05:03:00+00:00,0.4,1.6111111111111112,358.0,0.0,2025-01-19-0503-CWTA-AUTO-minute-swob.xml
2025-01-19 05:04:00+00:00,0.4,1.805555555555556,3.0,0.0,2025-01-19-0504-CWTA-AUTO-minute-swob.xml
2025-01-19 05:05:00+00:00,0.4,3.2222222222222223,353.0,0.0,2025-01-19-0505-CWTA-AUTO-minute-swob.xml
2025-01-19 05:06:00+00:00,0.3,3.083333333333333,327.0,-1.7,2025-01-19-0506-CWTA-AUTO-minute-swob.xml
2025-01-19 05:07:00+00:00,0.3,2.4166666666666665,313.0,0.0,2025-01-19-0507-CWTA-AUTO-minute-swob.xml
2025-01-19 05:08:00+00:00,0.3,4.111111111111112,333.0,0.0,2025-01-19-0508-CWTA-AUTO-minute-swob.xml
2025-01-19 05:09:00+00:00,0.2,3.5,336.0,0.0,2025-01-19-0509-CWTA-AUTO-minute-swob.xml
2025-01-19 05:10:00+00:00,0.2,2.4722222222222223,332.0,-0.9,2025-01-19-0510-CWTA-AUTO-minute-swob.xml
2025-01-19 05:11:00+00:00,0.2,3.611111111111111,350.0,0.0,2025-01-19-0511-CWTA-AUTO-minute-swob.xml
2025-01-19 05:12:00+00:00,0.1,3.4722222222222223,336.0,-1.1,2025-01-19-0512-CWTA-AUTO-minute-swob.xml
2025-01-19 05:13:00+00:00,0.1,3.7222222222222223,337.0,-3.1,2025-01-19-0513-CWTA-AUTO-minute-swob.xml
2025-01-19 05:14:00+00:00,0.0,3.861111111111111,355.0,0.0,2025-01-19-0514-CWTA-AUTO-minute-swob.xml
2025-01-19 05:15:00+00:00,0.0,3.638888888888889,345.0,0.0,2025-01-19-0515-CWTA-AUTO-minute-swob.xml
2025-01-19 05:16:00+00:00,0.0,3.055555555555556,341.0,-1.2,2025-01-19-0516-CWTA-AUTO-minute-swob.xml
2025-01-19 05:17:00+00:00,0.0,2.555555555555556,348.0,0.0,2025-01-19-0517-CWTA-AUTO-minute-swob.xml
2025-01-19 05:18:00+00:00,0.0,3.0000000000000004,337.0,0.0,2025-01-19-0518-CWTA-AUTO-minute-swob.xml
2025-01-19 05:19:00+00:00,-0.1,2.9722222222222223,323.0,0.0,2025-01-19-0519-CWTA-AUTO-minute-swob.xml
2025-01-19 05:20:00+00:00,-0.1,3.611111111111111,346.0,-3.3,2025-01-19-0520-CWTA-AUTO-minute-swob.xml
2025-01-19 05:21:00+00:00,-0.1,4.0,315.0,0.0,2025-01-19-0521-CWTA-AUTO-minute-swob.xml
2025-01-19 05:22:00+00:00,-0.1,2.25,0.0,0.0,2025-01-19-0522-CWTA-AUTO-minute-swob.xml
2025-01-19 05:23:00+00:00,-0.1,3.166666666666667,337.0,0.0,2025-01-19-0523-CWTA-AUTO-minute-swob.xml
2025-01-19 05:24:00+00:00,-0.1,2.2777777777777777,348.0,0.0,2025-01-19-0524-CWTA-AUTO-minute-swob.xml
2025-01-19 05:25:00+00:00,-0.1,2.7222222222222223,327.0,-3.4,2025-01-19-0525-CWTA-AUTO-minute-swob.xml
2025-01-19 05:26:00+00:00,-0.2,3.1944444444444446,342.0,-3.4,2025-01-19-0526-CWTA-AUTO-minute-swob.xml
2025-01-19 05:27:00+00:00,-0.2,2.7777777777777777,325.0,0.0,2025-01-19-0527-CWTA-AUTO-minute-swob.xml
2025-01-19 05:28:00+00:00,-0.2,2.5,349.0,0.0,2025-01-19-0528-CWTA-AUTO-minute-swob.xml
2025-01-19 05:29:00+00:00,-0.2,1.8888888888888888,320.0,0.0,2025-01-19-0529-CWTA-AUTO-minute-swob.xml
2025-01-19 05:30:00+00:00,-0.2,2.4722222222222223,342.0,0.0,2025-01-19-0530-CWTA-AUTO-minute-swob.xml
2025-01-19 05:31:00+00:00,-0.2,2.6666666666666665,326.0,0.0,2025-01-19-0531-CWTA-AUTO-minute-swob.xml
2025-01-19 05:32:00+00:00,-0.2,2.388888888888889,333.0,-3.9,2025-01-19-0532-CWTA-AUTO-minute-swob.xml
2025-01-19 05:33:00+00:00,-0.2,3.25,346.0,0.0,2025-01-19-0533-CWTA-AUTO-minute-swob.xml
2025-01-19 05:34:00+00:00,-0.2,2.2222222222222223,323.0,-4.0,2025-01-19-0534-CWTA-AUTO-minute-swob.xml
2025-01-19 05:35:00+00:00,-0.2,3.416666666666667,340.0,-4.0,2025-01-19-0535-CWTA-AUTO-minute-swob.xml
2025-01-19 05:36:00+00:00,-0.2,2.7222222222222223,346.0,-1.6,2025-01-19-0536-CWTA-AUTO-minute-swob.xml
2025-01-19 05:37:00+00:00,-0.2,2.055555555555556,335.0,0.0,2025-01-19-0537-CWTA-AUTO-minute-swob.xml
2025-01-19 05:38:00+00:00,-0.2,2.555555555555556,336.0,-4.0,2025-01-19-0538-CWTA-AUTO-minute-swob.xml
2025-01-19 05:39:00+00:00,-0.2,2.861111111111112,339.0,-3.9,2025-01-19-0539-CWTA-AUTO-minute-swob.xml
2025-01-19 05:40:00+00:00,-0.2,3.4444444444444446,347.0,0.0,2025-01-19-0540-CWTA-AUTO-minute-swob.xml
2025-01-19 05:41:00+00:00,-0.2,2.2777777777777777,351.0,-3.8,2025-01-19-0541-CWTA-AUTO-minute-swob.xml
2025-01-19 05:42:00+00:00,-0.3,1.5000000000000002,336.0,0.0,2025-01-19-0542-CWTA-AUTO-minute-swob.xml
2025-01-19 05:43:00+00:00,-0.3,1.777777777777778,338.0,-3.7,2025-01-19-0543-CWTA-AUTO-minute-swob.xml
2025-01-19 05:44:00+00:00,-0.3,1.9166666666666667,355.0,-3.6,2025-01-19-0544-CWTA-AUTO-minute-swob.xml
2025-01-19 05:45:00+00:00,-0.3,3.0000000000000004,345.0,0.0,2025-01-19-0545-CWTA-AUTO-minute-swob.xml
2025-01-19 05:46:00+00:00,-0.3,3.25,350.0,0.0,2025-01-19-0546-CWTA-AUTO-minute-swob.xml
2025-01-19 05:47:00+00:00,-0.3,2.2777777777777777,327.0,0.0,2025-01-19-0547-CWTA-AUTO-minute-swob.xml
2025-01-19 05:48:00+00:00,-0.3,3.2222222222222223,328.0,0.0,2025-01-19-0548-CWTA-AUTO-minute-swob.xml
2025-01-19 05:49:00+00:00,-0.3,2.555555555555556,332.0,-3.7,2025-01-19-0549-CWTA-AUTO-minute-swob.xml
2025-01-19 05:50:00+00:00,-0.3,1.805555555555556,349.0,0.0,2025-01-19-0550-CWTA-AUTO-minute-swob.xml
2025-01-19 05:51:00+00:00,-0.4,2.0,325.0,0.0,2025-01-19-0551-CWTA-AUTO-minute-swob.xml
2025-01-19 05:52:00+00:00,-0.4,2.7777777777777777,348.0,0.0,2025-01-19-0552-CWTA-AUTO-minute-swob.xml
2025-01-19 05:53:00+00:00,-0.4,1.5833333333333337,339.0,0.0,2025-01-19-0553-CWTA-AUTO-minute-swob.xml
2025-01-19 05:54:00+00:00,-0.4,2.111111111111111,341.0,0.0,2025-01-19-0554-CWTA-AUTO-minute-swob.xml
2025-01-19 05:55:00+00:00,-0.4,1.2222222222222223,341.0,-3.4,2025-01-19-0555-CWTA-AUTO-minute-swob.xml
2025-01-19 05:56:00+00:00,-0.4,1.2222222222222223,334.0,0.0,2025-01-19-0556-CWTA-AUTO-minute-swob.xml
2025-01-19 05:57:00+00:00,-0.4,1.527777777777778,348.0,0.0,2025-01-19-0557-CWTA-AUTO-minute-swob.xml
2025-01-19 05:58:00+00:00,-0.4,1.5000000000000002,349.0,0.0,2025-01-19-0558-CWTA-AUTO-minute-swob.xml
2025-01-19 05:59:00+00:00,-0.4,0.8333333333333334,357.0,0.0,2025-01-19-0559-CWTA-AUTO-minute-swob.xml
2025-01-19 06:00:00+00:00,-0.4,1.5555555555555556,351.0,-1.4,2025-01-19-0600-CWTA-AUTO-minute-swob.xml
2025-01-19 06:01:00+00:00,-0.4,1.3888888888888888,352.0,-3.0,2025-01-19-0601-CWTA-AUTO-minute-swob.xml
2025-01-19 06:02:00+00:00,-0.4,0.5833333333333334,357.0,-3.2,2025-01-19-0602-CWTA-AUTO-minute-swob.xml
2025-01-19 06:03:00+00:00,-0.4,0.4444444444444445,29.0,-3.2,2025-01-19-0603-CWTA-AUTO-minute-swob.xml
2025-01-19 06:04:00+00:00,-0.5,1.3611111111111112,280.0,0.0,2025-01-19-0604-CWTA-AUTO-minute-swob.xml
2025-01-19 06:05:00+00:00,-0.5,1.0555555555555556,256.0,-3.5,2025-01-19-0605-CWTA-AUTO-minute-swob.xml
2025-01-19 06:06:00+00:00,-0.5,0.6111111111111112,226.0,0.0,2025-01-19-0606-CWTA-AUTO-minute-swob.xml
2025-01-19 06:07:00+00:00,-0.6,0.7500000000000001,259.0,-3.8,2025-01-19-0607-CWTA-AUTO-minute-swob.xml
2025-01-19 06:08:00+00:00,-0.6,1.2777777777777777,247.0,0.0,2025-01-19-0608-CWTA-AUTO-minute-swob.xml
2025-01-19 06:09:00+00:00,-0.7,1.3611111111111112,283.0,-4.4,2025-01-19-0609-CWTA-AUTO-minute-swob.xml
2025-01-19 06:10:00+00:00,-0.6,0.9722222222222224,7.0,0.0,2025-01-19-0610-CWTA-AUTO-minute-swob.xml
2025-01-19 06:11:00+00:00,-0.6,0.3333333333333333,56.0,-4.1,2025-01-19-0611-CWTA-AUTO-minute-swob.xml
2025-01-19 06:12:00+00:00,-0.7,0.6388888888888888,350.0,0.0,2025-01-19-0612-CWTA-AUTO-minute-swob.xml
2025-01-19 06:13:00+00:00,-0.7,1.6944444444444444,15.0,-4.3,2025-01-19-0613-CWTA-AUTO-minute-swob.xml
2025-01-19 06:14:00+00:00,-0.8,1.6111111111111112,344.0,0.0,2025-01-19-0614-CWTA-AUTO-minute-swob.xml
2025-01-19 06:15:00+00:00,-0.8,1.9166666666666667,330.0,-4.5,2025-01-19-0615-CWTA-AUTO-minute-swob.xml
2025-01-19 06:16:00+00:00,-0.8,0.6944444444444444,320.0,0.0,2025-01-19-0616-CWTA-AUTO-minute-swob.xml
2025-01-19 06:17:00+00:00,-0.8,1.1388888888888888,312.0,0.0,2025-01-19-0617-CWTA-AUTO-minute-swob.xml
2025-01-19 06:18:00+00:00,-0.9,2.25,349.0,0.0,2025-01-19-0618-CWTA-AUTO-minute-swob.xml
2025-01-19 06:19:00+00:00,-0.9,2.0277777777777777,345.0,0.0,2025-01-19-0619-CWTA-AUTO-minute-swob.xml
2025-01-19 06:20:00+00:00,-1.0,1.1388888888888888,6.0,0.0,2025-01-19-0620-CWTA-AUTO-minute-swob.xml
2025-01-19 06:21:00+00:00,-1.0,2.805555555555556,355.0,0.0,2025-01-19-0621-CWTA-AUTO-minute-swob.xml
2025-01-19 06:22:00+00:00,-1.0,2.1944444444444446,349.0,0.0,2025-01-19-0622-CWTA-AUTO-minute-swob.xml
2025-01-19 06:23:00+00:00,-1.0,2.555555555555556,340.0,0.0,2025-01-19-0623-CWTA-AUTO-minute-swob.xml
2025-01-19 06:24:00+00:00,-1.1,0.9722222222222224,315.0,-4.7,2025-01-19-0624-CWTA-AUTO-minute-swob.xml
2025-01-19 06:25:00+00:00,-1.0,1.9444444444444449,343.0,0.0,2025-01-19-0625-CWTA-AUTO-minute-swob.xml
2025-01-19 06:26:00+00:00,-1.1,2.361111111111111,337.0,-4.5,2025-01-19-0626-CWTA-AUTO-minute-swob.xml
2025-01-19 06:27:00+00:00,-1.1,1.2777777777777777,290.0,0.0,2025-01-19-0627-CWTA-AUTO-minute-swob.xml
2025-01-19 06:28:00+00:00,-1.1,0.7500000000000001,327.0,0.0,2025-01-19-0628-CWTA-AUTO-minute-swob.xml
2025-01-19 06:29:00+00:00,-1.1,0.2777777777777778,346.0,0.0,2025-01-19-0629-CWTA-AUTO-minute-swob.xml
2025-01-19 06:30:00+00:00,-1.1,0.4166666666666667,38.0,0.0,2025-01-19-0630-CWTA-AUTO-minute-swob.xml
2025-01-19 06:31:00+00:00,-1.1,0.6666666666666666,28.0,0.0,2025-01-19-0631-CWTA-AUTO-minute-swob.xml
2025-01-19 06:32:00+00:00,-1.1,0.8333333333333334,11.0,-4.4,2025-01-19-0632-CWTA-AUTO-minute-swob.xml
2025-01-19 06:33:00+00:00,-1.1,0.9166666666666666,22.0,0.0,2025-01-19-0633-CWTA-AUTO-minute-swob.xml
2025-01-19 06:34:00+00:00,-1.1,1.3333333333333333,6.0,-4.3,2025-01-19-0634-CWTA-AUTO-minute-swob.xml
2025-01-19 06:35:00+00:00,-1.2,1.9444444444444449,339.0,0.0,2025-01-19-0635-CWTA-AUTO-minute-swob.xml
2025-01-19 06:36:00+00:00,-1.2,0.8611111111111112,334.0,-2.2,2025-01-19-0636-CWTA-AUTO-minute-swob.xml
2025-01-19 06:37:00+00:00,-1.2,0.0555555555555555,63.0,0.0,2025-01-19-0637-CWTA-AUTO-minute-swob.xml
2025-01-19 06:38:00+00:00,-1.2,1.6944444444444444,312.0,0.0,2025-01-19-0638-CWTA-AUTO-minute-swob.xml
2025-01-19 06:39:00+00:00,-1.3,2.083333333333333,335.0,0.0,2025-01-19-0639-CWTA-AUTO-minute-swob.xml
2025-01-19 06:40:00+00:00,-1.3,1.805555555555556,303.0,0.0,2025-01-19-0640-CWTA-AUTO-minute-swob.xml
2025-01-19 06:41:00+00:00,-1.3,0.7500000000000001,290.0,0.0,2025-01-19-0641-CWTA-AUTO-minute-swob.xml
2025-01-19 06:42:00+00:00,-1.3,1.4444444444444446,330.0,0.0,2025-01-19-0642-CWTA-AUTO-minute-swob.xml
2025-01-19 06:43:00+00:00,-1.4,2.305555555555556,355.0,0.0,2025-01-19-0643-CWTA-AUTO-minute-swob.xml
2025-01-19 06:44:00+00:00,-1.4,2.0,328.0,-4.4,2025-01-19-0644-CWTA-AUTO-minute-swob.xml
2025-01-19 06:45:00+00:00,-1.4,0.2222222222222222,321.0,0.0,2025-01-19-0645-CWTA-AUTO-minute-swob.xml
2025-01-19 06:46:00+00:00,-1.4,0.7500000000000001,340.0,0.0,2025-01-19-0646-CWTA-AUTO-minute-swob.xml
2025-01-19 06:47:00+00:00,-1.4,1.1388888888888888,310.0,-4.3,2025-01-19-0647-CWTA-AUTO-minute-swob.xml
2025-01-19 06:48:00+00:00,-1.5,1.6666666666666667,300.0,-4.4,2025-01-19-0648-CWTA-AUTO-minute-swob.xml
2025-01-19 06:49:00+00:00,-1.5,1.527777777777778,310.0,0.0,2025-01-19-0649-CWTA-AUTO-minute-swob.xml
2025-01-19 06:50:00+00:00,-1.5,1.4722222222222223,243.0,0.0,2025-01-19-0650-CWTA-AUTO-minute-swob.xml
2025-01-19 06:51:00+00:00,-1.5,0.3333333333333333,249.0,0.0,2025-01-19-0651-CWTA-AUTO-minute-swob.xml
2025-01-19 06:52:00+00:00,-1.6,1.6666666666666667,344.0,-4.6,2025-01-19-0652-CWTA-AUTO-minute-swob.xml
2025-01-19 06:53:00+00:00,-1.7,2.25,335.0,0.0,2025-01-19-0653-CWTA-AUTO-minute-swob.xml
2025-01-19 06:54:00+00:00,-1.7,1.9166666666666667,301.0,-4.9,2025-01-19-0654-CWTA-AUTO-minute-swob.xml
2025-01-19 06:55:00+00:00,-1.7,1.1944444444444444,294.0,-4.9,2025-01-19-0655-CWTA-AUTO-minute-swob.xml
2025-01-19 06:56:00+00:00,-1.8,2.2222222222222223,317.0,0.0,2025-01-19-0656-CWTA-AUTO-minute-swob.xml
2025-01-19 06:57:00+00:00,-1.8,0.8055555555555556,323.0,-2.8,2025-01-19-0657-CWTA-AUTO-minute-swob.xml
2025-01-19 06:58:00+00:00,-1.8,0.9444444444444444,344.0,0.0,2025-01-19-0658-CWTA-AUTO-minute-swob.xml
2025-01-19 06:59:00+00:00,-1.9,1.6111111111111112,308.0,0.0,2025-01-19-0659-CWTA-AUTO-minute-swob.xml
2025-01-19 07:00:00+00:00,-1.9,1.2777777777777777,340.0,-5.1,2025-01-19-0700-CWTA-AUTO-minute-swob.xml
2025-01-19 07:01:00+00:00,-1.9,0.6944444444444444,294.0,-5.2,2025-01-19-0701-CWTA-AUTO-minute-swob.xml
2025-01-19 07:02:00+00:00,-1.9,0.6388888888888888,298.0,0.0,2025-01-19-0702-CWTA-AUTO-minute-swob.xml
2025-01-19 07:03:00+00:00,-1.9,0.5555555555555556,299.0,0.0,2025-01-19-0703-CWTA-AUTO-minute-swob.xml
2025-01-19 07:04:00+00:00,-2.0,0.5277777777777778,301.0,-5.1,2025-01-19-0704-CWTA-AUTO-minute-swob.xml
2025-01-19 07:05:00+00:00,-2.0,1.2777777777777777,255.0,0.0,2025-01-19-0705-CWTA-AUTO-minute-swob.xml
2025-01-19 07:06:00+00:00,-2.1,1.6666666666666667,246.0,-5.2,2025-01-19-0706-CWTA-AUTO-minute-swob.xml
2025-01-19 07:07:00+00:00,-2.2,2.1944444444444446,238.0,-5.4,2025-01-19-0707-CWTA-AUTO-minute-swob.xml
2025-01-19 07:08:00+00:00,-2.2,2.1944444444444446,261.0,0.0,2025-01-19-0708-CWTA-AUTO-minute-swob.xml
2025-01-19 07:09:00+00:00,-2.2,2.8888888888888893,255.0,-5.5,2025-01-19-0709-CWTA-AUTO-minute-swob.xml
2025-01-19 07:10:00+00:00,-2.2,0.9722222222222224,339.0,0.0,2025-01-19-0710-CWTA-AUTO-minute-swob.xml
2025-01-19 07:11:00+00:00,-2.2,1.638888888888889,265.0,0.0,2025-01-19-0711-CWTA-AUTO-minute-swob.xml
2025-01-19 07:12:00+00:00,-2.3,1.5555555555555556,297.0,-5.4,2025-01-19-0712-CWTA-AUTO-minute-swob.xml
2025-01-19 07:13:00+00:00,-2.4,1.9444444444444449,291.0,0.0,2025-01-19-0713-CWTA-AUTO-minute-swob.xml
2025-01-19 07:14:00+00:00,-2.4,0.6666666666666666,277.0,-5.7,2025-01-19-0714-CWTA-AUTO-minute-swob.xml
2025-01-19 07:15:00+00:00,-2.4,1.027777777777778,302.0,0.0,2025-01-19-0715-CWTA-AUTO-minute-swob.xml
2025-01-19 07:16:00+00:00,-2.5,1.1944444444444444,305.0,-5.7,2025-01-19-0716-CWTA-AUTO-minute-swob.xml
2025-01-19 07:17:00+00:00,-2.5,1.4166666666666667,326.0,-3.5,2025-01-19-0717-CWTA-AUTO-minute-swob.xml
2025-01-19 07:18:00+00:00,-2.5,1.027777777777778,299.0,0.0,2025-01-19-0718-CWTA-AUTO-minute-swob.xml
2025-01-19 07:19:00+00:00,-2.5,1.4722222222222223,302.0,0.0,2025-01-19-0719-CWTA-AUTO-minute-swob.xml
2025-01-19 07:20:00+00:00,-2.5,1.8333333333333333,279.0,0.0,2025-01-19-0720-CWTA-AUTO-minute-swob.xml
2025-01-19 07:21:00+00:00,-2.6,1.3611111111111112,278.0,-3.5,2025-01-19-0721-CWTA-AUTO-minute-swob.xml
2025-01-19 07:22:00+00:00,-2.6,1.25,350.0,-5.6,2025-01-19-0722-CWTA-AUTO-minute-swob.xml
2025-01-19 07:23:00+00:00,-2.6,1.4166666666666667,346.0,0.0,2025-01-19-0723-CWTA-AUTO-minute-swob.xml
2025-01-19 07:24:00+00:00,-2.6,0.888888888888889,344.0,0.0,2025-01-19-0724-CWTA-AUTO-minute-swob.xml
2025-01-19 07:25:00+00:00,-2.6,0.2777777777777778,319.0,0.0,2025-01-19-0725-CWTA-AUTO-minute-swob.xml
2025-01-19 07:26:00+00:00,-2.6,1.1666666666666667,231.0,0.0,2025-01-19-0726-CWTA-AUTO-minute-swob.xml
2025-01-19 07:27:00+00:00,-2.7,2.083333333333333,241.0,-3.5,2025-01-19-0727-CWTA-AUTO-minute-swob.xml
2025-01-19 07:28:00+00:00,-2.8,2.361111111111111,310.0,0.0,2025-01-19-0728-CWTA-AUTO-minute-swob.xml
2025-01-19 07:29:00+00:00,-2.8,1.3888888888888888,280.0,-5.7,2025-01-19-0729-CWTA-AUTO-minute-swob.xml
2025-01-19 07:30:00+00:00,-2.9,2.1944444444444446,293.0,0.0,2025-01-19-0730-CWTA-AUTO-minute-swob.xml
2025-01-19 07:31:00+00:00,-2.9,2.333333333333333,307.0,-3.8,2025-01-19-0731-CWTA-AUTO-minute-swob.xml
2025-01-19 07:33:00+00:00,-3.0,1.5555555555555556,278.0,-6.1,2025-01-19-0733-CWTA-AUTO-minute-swob.xml
2025-01-19 07:34:00+00:00,-3.1,1.4444444444444446,231.0,0.0,2025-01-19-0734-CWTA-AUTO-minute-swob.xml
2025-01-19 07:35:00+00:00,-3.1,3.083333333333333,309.0,0.0,2025-01-19-0735-CWTA-AUTO-minute-swob.xml
2025-01-19 07:36:00+00:00,-3.2,2.1944444444444446,303.0,0.0,2025-01-19-0736-CWTA-AUTO-minute-swob.xml
2025-01-19 07:37:00+00:00,-3.2,1.5833333333333337,302.0,0.0,2025-01-19-0737-CWTA-AUTO-minute-swob.xml
2025-01-19 07:38:00+00:00,-3.3,2.111111111111111,288.0,0.0,2025-01-19-0738-CWTA-AUTO-minute-swob.xml
2025-01-19 07:39:00+00:00,-3.3,2.583333333333333,224.0,0.0,2025-01-19-0739-CWTA-AUTO-minute-swob.xml
2025-01-19 07:40:00+00:00,-3.4,2.083333333333333,259.0,0.0,2025-01-19-0740-CWTA-AUTO-minute-swob.xml
2025-01-19 07:41:00+00:00,-3.4,0.8055555555555556,252.0,0.0,2025-01-19-0741-CWTA-AUTO-minute-swob.xml
2025-01-19 07:42:00+00:00,-3.5,1.1944444444444444,275.0,-6.7,2025-01-19-0742-CWTA-AUTO-minute-swob.xml
2025-01-19 07:43:00+00:00,-3.6,1.6944444444444444,250.0,-6.9,2025-01-19-0743-CWTA-AUTO-minute-swob.xml
2025-01-19 07:44:00+00:00,-3.6,0.6944444444444444,278.0,-7.0,2025-01-19-0744-CWTA-AUTO-minute-swob.xml
2025-01-19 07:45:00+00:00,-3.7,0.6388888888888888,287.0,0.0,2025-01-19-0745-CWTA-AUTO-minute-swob.xml
2025-01-19 07:46:00+00:00,-3.7,1.2222222222222223,257.0,-4.7,2025-01-19-0746-CWTA-AUTO-minute-swob.xml
2025-01-19 07:47:00+00:00,-3.8,3.416666666666667,252.0,-7.3,2025-01-19-0747-CWTA-AUTO-minute-swob.xml
2025-01-19 07:48:00+00:00,-3.9,2.694444444444444,253.0,-7.4,2025-01-19-0748-CWTA-AUTO-minute-swob.xml
2025-01-19 07:49:00+00:00,-4.0,2.861111111111112,263.0,0.0,2025-01-19-0749-CWTA-AUTO-minute-swob.xml
2025-01-19 07:50:00+00:00,-4.0,2.4166666666666665,255.0,0.0,2025-01-19-0750-CWTA-AUTO-minute-swob.xml
2025-01-19 07:51:00+00:00,-4.1,3.888888888888889,267.0,-7.6,2025-01-19-0751-CWTA-AUTO-minute-swob.xml
2025-01-19 07:52:00+00:00,-4.1,2.8888888888888893,301.0,-7.6,2025-01-19-0752-CWTA-AUTO-minute-swob.xml
2025-01-19 07:53:00+00:00,-4.2,2.611111111111111,282.0,-7.7,2025-01-19-0753-CWTA-AUTO-minute-swob.xml
2025-01-19 07:54:00+00:00,-4.2,2.4166666666666665,285.0,0.0,2025-01-19-0754-CWTA-AUTO-minute-swob.xml
2025-01-19 07:55:00+00:00,-4.2,1.3055555555555556,291.0,-7.6,2025-01-19-0755-CWTA-AUTO-minute-swob.xml
2025-01-19 07:56:00+00:00,-4.3,2.25,274.0,0.0,2025-01-19-0756-CWTA-AUTO-minute-swob.xml
2025-01-19 07:57:00+00:00,-4.3,3.1944444444444446,282.0,0.0,2025-01-19-0757-CWTA-AUTO-minute-swob.xml
2025-01-19 07:58:00+00:00,-4.4,2.0277777777777777,262.0,0.0,2025-01-19-0758-CWTA-AUTO-minute-swob.xml
2025-01-19 07:59:00+00:00,-4.4,1.777777777777778,286.0,-5.3,2025-01-19-0759-CWTA-AUTO-minute-swob.xml
2025-01-19 08:00:00+00:00,-4.4,2.25,288.0,-7.7,2025-01-19-0800-CWTA-AUTO-minute-swob.xml
2025-01-19 08:01:00+00:00,-4.5,2.083333333333333,297.0,-7.8,2025-01-19-0801-CWTA-AUTO-minute-swob.xml
2025-01-19 08:02:00+00:00,-4.5,2.4722222222222223,297.0,-5.4,2025-01-19-0802-CWTA-AUTO-minute-swob.xml
2025-01-19 08:03:00+00:00,-4.5,2.0277777777777777,286.0,0.0,2025-01-19-0803-CWTA-AUTO-minute-swob.xml
2025-01-19 08:04:00+00:00,-4.6,2.0277777777777777,279.0,-7.9,2025-01-19-0804-CWTA-AUTO-minute-swob.xml
2025-01-19 08:05:00+00:00,-4.6,3.25,292.0,0.0,2025-01-19-0805-CWTA-AUTO-minute-swob.xml
2025-01-19 08:06:00+00:00,-4.6,3.277777777777778,290.0,0.0,2025-01-19-0806-CWTA-AUTO-minute-swob.xml
2025-01-19 08:07:00+00:00,-4.6,2.6666666666666665,310.0,-7.9,2025-01-19-0807-CWTA-AUTO-minute-swob.xml
2025-01-19 08:08:00+00:00,-4.6,2.0,312.0,0.0,2025-01-19-0808-CWTA-AUTO-minute-swob.xml
2025-01-19 08:09:00+00:00,-4.7,4.055555555555555,296.0,0.0,2025-01-19-0809-CWTA-AUTO-minute-swob.xml
2025-01-19 08:10:00+00:00,-4.6,3.7222222222222223,278.0,0.0,2025-01-19-0810-CWTA-AUTO-minute-swob.xml
2025-01-19 08:11:00+00:00,-4.7,2.4722222222222223,274.0,0.0,2025-01-19-0811-CWTA-AUTO-minute-swob.xml
2025-01-19 08:12:00+00:00,-4.7,3.111111111111111,274.0,0.0,2025-01-19-0812-CWTA-AUTO-minute-swob.xml
2025-01-19 08:13:00+00:00,-4.7,2.4444444444444446,254.0,-7.9,2025-01-19-0813-CWTA-AUTO-minute-swob.xml
2025-01-19 08:14:00+00:00,-4.7,1.9444444444444449,265.0,-7.9,2025-01-19-0814-CWTA-AUTO-minute-swob.xml
2025-01-19 08:15:00+00:00,-4.8,3.416666666666667,262.0,-7.9,2025-01-19-0815-CWTA-AUTO-minute-swob.xml
2025-01-19 08:16:00+00:00,-4.8,2.833333333333333,257.0,0.0,2025-01-19-0816-CWTA-AUTO-minute-swob.xml
2025-01-19 08:17:00+00:00,-4.8,2.361111111111111,296.0,,2025-01-19-0817-CWTA-AUTO-minute-swob.xml
2025-01-19 08:18:00+00:00,-4.9,1.4166666666666667,278.0,0.0,2025-01-19-0818-CWTA-AUTO-minute-swob.xml
2025-01-19 08:19:00+00:00,-4.9,3.5,272.0,-8.2,2025-01-19-0819-CWTA-AUTO-minute-swob.xml
2025-01-19 08:20:00+00:00,-4.9,2.4166666666666665,273.0,0.0,2025-01-19-0820-CWTA-AUTO-minute-swob.xml
2025-01-19 08:21:00+00:00,-5.0,2.916666666666667,266.0,0.0,2025-01-19-0821-CWTA-AUTO-minute-swob.xml
2025-01-19 08:22:00+00:00,-5.0,3.916666666666667,275.0,-8.3,2025-01-19-0822-CWTA-AUTO-minute-swob.xml
2025-01-19 08:23:00+00:00,-5.0,2.4444444444444446,299.0,0.0,2025-01-19-0823-CWTA-AUTO-minute-swob.xml
2025-01-19 08:24:00+00:00,-5.1,2.0277777777777777,282.0,0.0,2025-01-19-0824-CWTA-AUTO-minute-swob.xml
2025-01-19 08:25:00+00:00,-5.1,2.805555555555556,280.0,0.0,2025-01-19-0825-CWTA-AUTO-minute-swob.xml
2025-01-19 08:26:00+00:00,-5.1,2.7777777777777777,279.0,0.0,2025-01-19-0826-CWTA-AUTO-minute-swob.xml
2025-01-19 08:27:00+00:00,-5.1,3.083333333333333,277.0,0.0,2025-01-19-0827-CWTA-AUTO-minute-swob.xml
2025-01-19 08:28:00+00:00,-5.1,1.3611111111111112,269.0,0.0,2025-01-19-0828-CWTA-AUTO-minute-swob.xml
2025-01-19 08:29:00+00:00,-5.1,3.055555555555556,270.0,0.0,2025-01-19-0829-CWTA-AUTO-minute-swob.xml
2025-01-19 08:30:00+00:00,-5.1,2.055555555555556,264.0,0.0,2025-01-19-0830-CWTA-AUTO-minute-swob.xml
2025-01-19 08:31:00+00:00,-5.2,1.2777777777777777,273.0,-8.4,2025-01-19-0831-CWTA-AUTO-minute-swob.xml
2025-01-19 08:32:00+00:00,-5.2,1.4166666666666667,282.0,0.0,2025-01-19-0832-CWTA-AUTO-minute-swob.xml
2025-01-19 08:33:00+00:00,-5.2,1.9444444444444449,250.0,0.0,2025-01-19-0833-CWTA-AUTO-minute-swob.xml
2025-01-19 08:34:00+00:00,-5.3,0.5833333333333334,341.0,-8.5,2025-01-19-0834-CWTA-AUTO-minute-swob.xml
2025-01-19 08:35:00+00:00,-5.3,1.3055555555555556,284.0,0.0,2025-01-19-0835-CWTA-AUTO-minute-swob.xml
2025-01-19 08:36:00+00:00,-5.3,1.777777777777778,258.0,-8.5,2025-01-19-0836-CWTA-AUTO-minute-swob.xml
2025-01-19 08:37:00+00:00,-5.3,1.3333333333333333,262.0,-8.5,2025-01-19-0837-CWTA-AUTO-minute-swob.xml
2025-01-19 08:38:00+00:00,-5.3,1.4444444444444446,236.0,0.0,2025-01-19-0838-CWTA-AUTO-minute-swob.xml
2025-01-19 08:39:00+00:00,-5.4,1.4166666666666667,358.0,0.0,2025-01-19-0839-CWTA-AUTO-minute-swob.xml
2025-01-19 08:40:00+00:00,-5.4,1.4722222222222223,315.0,-8.6,2025-01-19-0840-CWTA-AUTO-minute-swob.xml
2025-01-19 08:41:00+00:00,-5.4,1.4722222222222223,250.0,0.0,2025-01-19-0841-CWTA-AUTO-minute-swob.xml
2025-01-19 08:42:00+00:00,-5.4,0.6944444444444444,233.0,0.0,2025-01-19-0842-CWTA-AUTO-minute-swob.xml
2025-01-19 08:43:00+00:00,-5.4,1.0,225.0,0.0,2025-01-19-0843-CWTA-AUTO-minute-swob.xml
2025-01-19 08:44:00+00:00,-5.5,1.4444444444444446,259.0,0.0,2025-01-19-0844-CWTA-AUTO-minute-swob.xml
2025-01-19 08:45:00+00:00,-5.5,1.4722222222222223,274.0,0.0,2025-01-19-0845-CWTA-AUTO-minute-swob.xml
2025-01-19 08:46:00+00:00,-5.5,1.5833333333333337,203.0,0.0,2025-01-19-0846-CWTA-AUTO-minute-swob.xml
2025-01-19 08:47:00+00:00,-5.4,0.8333333333333334,238.0,0.0,2025-01-19-0847-CWTA-AUTO-minute-swob.xml
2025-01-19 08:48:00+00:00,-5.5,0.6111111111111112,284.0,0.0,2025-01-19-0848-CWTA-AUTO-minute-swob.xml
2025-01-19 08:49:00+00:00,-5.5,1.1944444444444444,280.0,0.0,2025-01-19-0849-CWTA-AUTO-minute-swob.xml
2025-01-19 08:50:00+00:00,-5.5,0.9722222222222224,341.0,0.0,2025-01-19-0850-CWTA-AUTO-minute-swob.xml
2025-01-19 08:51:00+00:00,-5.5,0.8333333333333334,293.0,0.0,2025-01-19-0851-CWTA-AUTO-minute-swob.xml
2025-01-19 08:52:00+00:00,-5.5,1.3611111111111112,277.0,-8.5,2025-01-19-0852-CWTA-AUTO-minute-swob.xml
2025-01-19 08:53:00+00:00,-5.5,1.4166666666666667,1.0,0.0,2025-01-19-0853-CWTA-AUTO-minute-swob.xml
2025-01-19 08:54:00+00:00,-5.5,0.9166666666666666,39.0,0.0,2025-01-19-0854-CWTA-AUTO-minute-swob.xml
2025-01-19 08:55:00+00:00,-5.5,1.0,338.0,-6.2,2025-01-19-0855-CWTA-AUTO-minute-swob.xml
2025-01-19 08:56:00+00:00,-5.5,0.5277777777777778,320.0,-8.5,2025-01-19-0856-CWTA-AUTO-minute-swob.xml
2025-01-19 08:57:00+00:00,-5.5,1.0555555555555556,324.0,0.0,2025-01-19-0857-CWTA-AUTO-minute-swob.xml
2025-01-19 08:58:00+00:00,-5.5,1.638888888888889,314.0,0.0,2025-01-19-0858-CWTA-AUTO-minute-swob.xml
2025-01-19 08:59:00+00:00,-5.5,0.7500000000000001,339.0,0.0,2025-01-19-0859-CWTA-AUTO-minute-swob.xml
2025-01-19 09:00:00+00:00,-5.5,0.4444444444444445,355.0,0.0,2025-01-19-0900-CWTA-AUTO-minute-swob.xml
2025-01-19 09:01:00+00:00,-5.5,0.8611111111111112,271.0,0.0,2025-01-19-0901-CWTA-AUTO-minute-swob.xml
2025-01-19 09:02:00+00:00,-5.5,1.1944444444444444,199.0,0.0,2025-01-19-0902-CWTA-AUTO-minute-swob.xml
2025-01-19 09:03:00+00:00,-5.5,1.3055555555555556,210.0,-8.5,2025-01-19-0903-CWTA-AUTO-minute-swob.xml
2025-01-19 09:04:00+00:00,-5.5,1.6111111111111112,234.0,0.0,2025-01-19-0904-CWTA-AUTO-minute-swob.xml
2025-01-19 09:05:00+00:00,-5.6,1.0555555555555556,233.0,-8.6,2025-01-19-0905-CWTA-AUTO-minute-swob.xml
2025-01-19 09:06:00+00:00,-5.6,0.7500000000000001,257.0,0.0,2025-01-19-0906-CWTA-AUTO-minute-swob.xml
2025-01-19 09:07:00+00:00,-5.6,0.8055555555555556,275.0,0.0,2025-01-19-0907-CWTA-AUTO-minute-swob.xml
2025-01-19 09:08:00+00:00,-5.7,0.6666666666666666,216.0,-8.9,2025-01-19-0908-CWTA-AUTO-minute-swob.xml
2025-01-19 09:09:00+00:00,-5.7,1.1944444444444444,341.0,-9.0,2025-01-19-0909-CWTA-AUTO-minute-swob.xml
2025-01-19 09:10:00+00:00,-5.8,1.9722222222222223,304.0,0.0,2025-01-19-0910-CWTA-AUTO-minute-swob.xml
2025-01-19 09:11:00+00:00,-5.8,1.1944444444444444,286.0,-6.6,2025-01-19-0911-CWTA-AUTO-minute-swob.xml
2025-01-19 09:12:00+00:00,-5.8,0.4722222222222222,224.0,0.0,2025-01-19-0912-CWTA-AUTO-minute-swob.xml
2025-01-19 09:13:00+00:00,-5.8,2.305555555555556,253.0,-9.2,2025-01-19-0913-CWTA-AUTO-minute-swob.xml
2025-01-19 09:14:00+00:00,-5.8,1.638888888888889,225.0,0.0,2025-01-19-0914-CWTA-AUTO-minute-swob.xml
2025-01-19 09:15:00+00:00,-5.8,1.805555555555556,235.0,0.0,2025-01-19-0915-CWTA-AUTO-minute-swob.xml
2025-01-19 09:16:00+00:00,-5.9,0.9722222222222224,189.0,0.0,2025-01-19-0916-CWTA-AUTO-minute-swob.xml
2025-01-19 09:17:00+00:00,-5.9,0.5277777777777778,128.0,0.0,2025-01-19-0917-CWTA-AUTO-minute-swob.xml
2025-01-19 09:18:00+00:00,-5.9,0.6111111111111112,134.0,-9.3,2025-01-19-0918-CWTA-AUTO-minute-swob.xml
2025-01-19 09:19:00+00:00,-5.9,1.0,171.0,0.0,2025-01-19-0919-CWTA-AUTO-minute-swob.xml
2025-01-19 09:20:00+00:00,-5.9,0.2222222222222222,172.0,-9.2,2025-01-19-0920-CWTA-AUTO-minute-swob.xml
2025-01-19 09:21:00+00:00,-5.9,1.1388888888888888,171.0,0.0,2025-01-19-0921-CWTA-AUTO-minute-swob.xml
2025-01-19 09:22:00+00:00,-5.9,0.8333333333333334,162.0,0.0,2025-01-19-0922-CWTA-AUTO-minute-swob.xml
2025-01-19 09:23:00+00:00,-6.0,1.5555555555555556,193.0,-9.3,2025-01-19-0923-CWTA-AUTO-minute-swob.xml
2025-01-19 09:24:00+00:00,-6.0,1.75,238.0,0.0,2025-01-19-0924-CWTA-AUTO-minute-swob.xml
2025-01-19 09:25:00+00:00,-6.0,2.388888888888889,221.0,0.0,2025-01-19-0925-CWTA-AUTO-minute-swob.xml
2025-01-19 09:26:00+00:00,-6.1,1.4444444444444446,223.0,-9.5,2025-01-19-0926-CWTA-AUTO-minute-swob.xml
2025-01-19 09:27:00+00:00,-6.1,0.888888888888889,215.0,-9.5,2025-01-19-0927-CWTA-AUTO-minute-swob.xml
2025-01-19 09:28:00+00:00,-6.1,2.555555555555556,239.0,0.0,2025-01-19-0928-CWTA-AUTO-minute-swob.xml
2025-01-19 09:29:00+00:00,-6.2,1.6111111111111112,207.0,0.0,2025-01-19-0929-CWTA-AUTO-minute-swob.xml
2025-01-19 09:30:00+00:00,-6.1,1.3333333333333333,271.0,-9.6,2025-01-19-0930-CWTA-AUTO-minute-swob.xml
2025-01-19 09:31:00+00:00,-6.2,0.1388888888888889,141.0,0.0,2025-01-19-0931-CWTA-AUTO-minute-swob.xml
2025-01-19 09:32:00+00:00,-6.2,1.027777777777778,206.0,-9.7,2025-01-19-0932-CWTA-AUTO-minute-swob.xml
2025-01-19 09:33:00+00:00,-6.2,1.805555555555556,249.0,0.0,2025-01-19-0933-CWTA-AUTO-minute-swob.xml
2025-01-19 09:34:00+00:00,-6.2,0.888888888888889,224.0,0.0,2025-01-19-0934-CWTA-AUTO-minute-swob.xml
2025-01-19 09:35:00+00:00,-6.3,2.1944444444444446,262.0,0.0,2025-01-19-0935-CWTA-AUTO-minute-swob.xml
2025-01-19 09:36:00+00:00,-6.4,1.5555555555555556,258.0,0.0,2025-01-19-0936-CWTA-AUTO-minute-swob.xml
2025-01-19 09:37:00+00:00,-6.4,1.5555555555555556,255.0,-9.9,2025-01-19-0937-CWTA-AUTO-minute-swob.xml
2025-01-19 09:38:00+00:00,-6.4,2.25,271.0,0.0,2025-01-19-0938-CWTA-AUTO-minute-swob.xml
2025-01-19 09:39:00+00:00,-6.4,1.1944444444444444,244.0,0.0,2025-01-19-0939-CWTA-AUTO-minute-swob.xml
2025-01-19 09:40:00+00:00,-6.5,2.055555555555556,232.0,0.0,2025-01-19-0940-CWTA-AUTO-minute-swob.xml
2025-01-19 09:41:00+00:00,-6.5,1.8888888888888888,230.0,0.0,2025-01-19-0941-CWTA-AUTO-minute-swob.xml
2025-01-19 09:42:00+00:00,-6.5,1.1666666666666667,219.0,0.0,2025-01-19-0942-CWTA-AUTO-minute-swob.xml
2025-01-19 09:43:00+00:00,-6.5,2.1944444444444446,237.0,0.0,2025-01-19-0943-CWTA-AUTO-minute-swob.xml
2025-01-19 09:44:00+00:00,-6.6,2.861111111111112,256.0,-10.1,2025-01-19-0944-CWTA-AUTO-minute-swob.xml
2025-01-19 09:45:00+00:00,-6.7,3.166666666666667,291.0,-10.3,2025-01-19-0945-CWTA-AUTO-minute-swob.xml
2025-01-19 09:46:00+00:00,-6.8,2.4166666666666665,300.0,-10.4,2025-01-19-0946-CWTA-AUTO-minute-swob.xml
2025-01-19 09:47:00+00:00,-6.8,1.5833333333333337,256.0,0.0,2025-01-19-0947-CWTA-AUTO-minute-swob.xml
2025-01-19 09:48:00+00:00,-6.8,1.2777777777777777,259.0,0.0,2025-01-19-0948-CWTA-AUTO-minute-swob.xml
2025-01-19 09:49:00+00:00,-6.8,1.8611111111111112,267.0,0.0,2025-01-19-0949-CWTA-AUTO-minute-swob.xml
2025-01-19 09:50:00+00:00,-6.9,2.6666666666666665,251.0,0.0,2025-01-19-0950-CWTA-AUTO-minute-swob.xml
2025-01-19 09:51:00+00:00,-6.9,2.361111111111111,257.0,0.0,2025-01-19-0951-CWTA-AUTO-minute-swob.xml
2025-01-19 09:52:00+00:00,-6.9,2.055555555555556,286.0,0.0,2025-01-19-0952-CWTA-AUTO-minute-swob.xml
2025-01-19 09:53:00+00:00,-6.9,2.0,255.0,-10.5,2025-01-19-0953-CWTA-AUTO-minute-swob.xml
2025-01-19 09:54:00+00:00,-6.9,1.5833333333333337,251.0,0.0,2025-01-19-0954-CWTA-AUTO-minute-swob.xml
2025-01-19 09:55:00+00:00,-6.9,1.8888888888888888,268.0,-10.4,2025-01-19-0955-CWTA-AUTO-minute-swob.xml
2025-01-19 09:56:00+00:00,-6.9,1.9722222222222223,232.0,0.0,2025-01-19-0956-CWTA-AUTO-minute-swob.xml
2025-01-19 09:57:00+00:00,-7.0,2.111111111111111,271.0,0.0,2025-01-19-0957-CWTA-AUTO-minute-swob.xml
2025-01-19 09:58:00+00:00,-7.0,0.9722222222222224,252.0,0.0,2025-01-19-0958-CWTA-AUTO-minute-swob.xml
2025-01-19 09:59:00+00:00,-7.0,1.6666666666666667,241.0,0.0,2025-01-19-0959-CWTA-AUTO-minute-swob.xml
2025-01-19 10:00:00+00:00,-7.0,2.083333333333333,268.0,0.0,2025-01-19-1000-CWTA-AUTO-minute-swob.xml
2025-01-19 10:01:00+00:00,-7.1,1.3055555555555556,312.0,0.0,2025-01-19-1001-CWTA-AUTO-minute-swob.xml
2025-01-19 10:02:00+00:00,-7.1,0.888888888888889,317.0,-10.6,2025-01-19-1002-CWTA-AUTO-minute-swob.xml
2025-01-19 10:03:00+00:00,-7.1,0.7777777777777778,277.0,0.0,2025-01-19-1003-CWTA-AUTO-minute-swob.xml
2025-01-19 10:04:00+00:00,-7.1,1.2222222222222223,248.0,0.0,2025-01-19-1004-CWTA-AUTO-minute-swob.xml
2025-01-19 10:05:00+00:00,-7.1,1.3055555555555556,277.0,0.0,2025-01-19-1005-CWTA-AUTO-minute-swob.xml
2025-01-19 10:06:00+00:00,-7.1,1.6666666666666667,273.0,-10.6,2025-01-19-1006-CWTA-AUTO-minute-swob.xml
2025-01-19 10:07:00+00:00,-7.2,1.6944444444444444,279.0,-10.7,2025-01-19-1007-CWTA-AUTO-minute-swob.xml
2025-01-19 10:08:00+00:00,-7.1,1.638888888888889,255.0,0.0,2025-01-19-1008-CWTA-AUTO-minute-swob.xml
2025-01-19 10:09:00+00:00,-7.2,0.4722222222222222,249.0,0.0,2025-01-19-1009-CWTA-AUTO-minute-swob.xml
2025-01-19 10:10:00+00:00,-7.1,2.1666666666666665,266.0,-10.7,2025-01-19-1010-CWTA-AUTO-minute-swob.xml
2025-01-19 10:11:00+00:00,-7.2,1.8611111111111112,319.0,0.0,2025-01-19-1011-CWTA-AUTO-minute-swob.xml
2025-01-19 10:12:00+00:00,-7.2,0.888888888888889,283.0,-10.7,2025-01-19-1012-CWTA-AUTO-minute-swob.xml
2025-01-19 10:13:00+00:00,-7.2,2.083333333333333,315.0,0.0,2025-01-19-1013-CWTA-AUTO-minute-swob.xml
2025-01-19 10:14:00+00:00,-7.2,0.9444444444444444,238.0,0.0,2025-01-19-1014-CWTA-AUTO-minute-swob.xml
2025-01-19 10:15:00+00:00,-7.2,2.361111111111111,238.0,-10.7,2025-01-19-1015-CWTA-AUTO-minute-swob.xml
2025-01-19 10:16:00+00:00,-7.3,3.111111111111111,238.0,-10.8,2025-01-19-1016-CWTA-AUTO-minute-swob.xml
2025-01-19 10:17:00+00:00,-7.2,2.638888888888889,234.0,0.0,2025-01-19-1017-CWTA-AUTO-minute-swob.xml
2025-01-19 10:18:00+00:00,-7.2,1.5833333333333337,245.0,-10.8,2025-01-19-1018-CWTA-AUTO-minute-swob.xml
2025-01-19 10:19:00+00:00,-7.3,0.2777777777777778,284.0,-10.8,2025-01-19-1019-CWTA-AUTO-minute-swob.xml
2025-01-19 10:20:00+00:00,-7.2,0.7777777777777778,261.0,0.0,2025-01-19-1020-CWTA-AUTO-minute-swob.xml
2025-01-19 10:21:00+00:00,-7.3,1.4722222222222223,266.0,-10.8,2025-01-19-1021-CWTA-AUTO-minute-swob.xml
2025-01-19 10:22:00+00:00,-7.3,2.5,227.0,0.0,2025-01-19-1022-CWTA-AUTO-minute-swob.xml
2025-01-19 10:23:00+00:00,-7.3,2.083333333333333,253.0,0.0,2025-01-19-1023-CWTA-AUTO-minute-swob.xml
2025-01-19 10:24:00+00:00,-7.3,1.5833333333333337,275.0,-10.8,2025-01-19-1024-CWTA-AUTO-minute-swob.xml
2025-01-19 10:25:00+00:00,-7.3,1.2777777777777777,258.0,-10.9,2025-01-19-1025-CWTA-AUTO-minute-swob.xml
2025-01-19 10:26:00+00:00,-7.4,1.4722222222222223,293.0,-10.9,2025-01-19-1026-CWTA-AUTO-minute-swob.xml
2025-01-19 10:27:00+00:00,-7.4,1.4444444444444446,272.0,-11.0,2025-01-19-1027-CWTA-AUTO-minute-swob.xml
2025-01-19 10:28:00+00:00,-7.4,1.8888888888888888,263.0,0.0,2025-01-19-1028-CWTA-AUTO-minute-swob.xml
2025-01-19 10:29:00+00:00,-7.3,1.1388888888888888,250.0,-8.1,2025-01-19-1029-CWTA-AUTO-minute-swob.xml
2025-01-19 10:30:00+00:00,-7.3,1.25,277.0,0.0,2025-01-19-1030-CWTA-AUTO-minute-swob.xml
2025-01-19 10:31:00+00:00,-7.3,1.1944444444444444,303.0,0.0,2025-01-19-1031-CWTA-AUTO-minute-swob.xml
2025-01-19 10:32:00+00:00,-7.4,1.3333333333333333,237.0,-10.9,2025-01-19-1032-CWTA-AUTO-minute-swob.xml
2025-01-19 10:33:00+00:00,-7.4,0.9444444444444444,265.0,0.0,2025-01-19-1033-CWTA-AUTO-minute-swob.xml
2025-01-19 10:34:00+00:00,-7.4,1.4166666666666667,272.0,-10.9,2025-01-19-1034-CWTA-AUTO-minute-swob.xml
2025-01-19 10:35:00+00:00,-7.4,1.2222222222222223,234.0,-10.9,2025-01-19-1035-CWTA-AUTO-minute-swob.xml
2025-01-19 10:36:00+00:00,-7.4,1.0555555555555556,274.0,-8.1,2025-01-19-1036-CWTA-AUTO-minute-swob.xml
2025-01-19 10:37:00+00:00,-7.4,0.25,287.0,-10.9,2025-01-19-1037-CWTA-AUTO-minute-swob.xml
2025-01-19 10:38:00+00:00,-7.4,1.3611111111111112,270.0,-10.9,2025-01-19-1038-CWTA-AUTO-minute-swob.xml
2025-01-19 10:39:00+00:00,-7.5,1.4722222222222223,273.0,-11.0,2025-01-19-1039-CWTA-AUTO-minute-swob.xml
2025-01-19 10:40:00+00:00,-7.5,2.1666666666666665,242.0,0.0,2025-01-19-1040-CWTA-AUTO-minute-swob.xml
2025-01-19 10:41:00+00:00,-7.5,1.6666666666666667,259.0,0.0,2025-01-19-1041-CWTA-AUTO-minute-swob.xml
2025-01-19 10:42:00+00:00,-7.5,1.3055555555555556,271.0,-8.2,2025-01-19-1042-CWTA-AUTO-minute-swob.xml
2025-01-19 10:43:00+00:00,-7.5,0.6666666666666666,275.0,-8.2,2025-01-19-1043-CWTA-AUTO-minute-swob.xml
2025-01-19 10:44:00+00:00,-7.5,1.7222222222222223,217.0,-11.1,2025-01-19-1044-CWTA-AUTO-minute-swob.xml
2025-01-19 10:45:00+00:00,-7.5,1.9166666666666667,227.0,0.0,2025-01-19-1045-CWTA-AUTO-minute-swob.xml
2025-01-19 10:46:00+00:00,-7.5,0.6388888888888888,238.0,-11.0,2025-01-19-1046-CWTA-AUTO-minute-swob.xml
2025-01-19 10:47:00+00:00,-7.5,0.9722222222222224,273.0,-11.0,2025-01-19-1047-CWTA-AUTO-minute-swob.xml
2025-01-19 10:48:00+00:00,-7.5,0.7222222222222223,242.0,-11.1,2025-01-19-1048-CWTA-AUTO-minute-swob.xml
2025-01-19 10:49:00+00:00,-7.6,1.4444444444444446,272.0,-11.2,2025-01-19-1049-CWTA-AUTO-minute-swob.xml
2025-01-19 10:50:00+00:00,-7.6,0.7222222222222223,246.0,0.0,2025-01-19-1050-CWTA-AUTO-minute-swob.xml
2025-01-19 10:51:00+00:00,-7.6,1.1388888888888888,219.0,-11.2,2025-01-19-1051-CWTA-AUTO-minute-swob.xml
2025-01-19 10:52:00+00:00,-7.6,2.555555555555556,240.0,0.0,2025-01-19-1052-CWTA-AUTO-minute-swob.xml
2025-01-19 10:53:00+00:00,-7.6,1.4722222222222223,219.0,-11.3,2025-01-19-1053-CWTA-AUTO-minute-swob.xml
2025-01-19 10:54:00+00:00,-7.6,2.861111111111112,234.0,0.0,2025-01-19-1054-CWTA-AUTO-minute-swob.xml
2025-01-19 10:55:00+00:00,-7.7,2.7777777777777777,249.0,0.0,2025-01-19-1055-CWTA-AUTO-minute-swob.xml
2025-01-19 10:56:00+00:00,-7.7,2.0,224.0,0.0,2025-01-19-1056-CWTA-AUTO-minute-swob.xml
2025-01-19 10:57:00+00:00,-7.7,2.138888888888889,251.0,0.0,2025-01-19-1057-CWTA-AUTO-minute-swob.xml
2025-01-19 10:58:00+00:00,-7.7,1.1944444444444444,278.0,-11.4,2025-01-19-1058-CWTA-AUTO-minute-swob.xml
2025-01-19 10:59:00+00:00,-7.7,1.7222222222222223,290.0,0.0,2025-01-19-1059-CWTA-AUTO-minute-swob.xml
2025-01-19 11:00:00+00:00,-7.8,1.2222222222222223,273.0,0.0,2025-01-19-1100-CWTA-AUTO-minute-swob.xml
2025-01-19 11:01:00+00:00,-7.7,3.0000000000000004,253.0,0.0,2025-01-19-1101-CWTA-AUTO-minute-swob.xml
2025-01-19 11:02:00+00:00,-7.8,2.1944444444444446,299.0,-11.4,2025-01-19-1102-CWTA-AUTO-minute-swob.xml
2025-01-19 11:03:00+00:00,-7.8,0.9722222222222224,246.0,-8.5,2025-01-19-1103-CWTA-AUTO-minute-swob.xml
2025-01-19 11:04:00+00:00,-7.8,1.638888888888889,250.0,-11.3,2025-01-19-1104-CWTA-AUTO-minute-swob.xml
2025-01-19 11:05:00+00:00,-7.8,1.3611111111111112,278.0,-8.4,2025-01-19-1105-CWTA-AUTO-minute-swob.xml
2025-01-19 11:06:00+00:00,-7.8,1.8611111111111112,263.0,-8.5,2025-01-19-1106-CWTA-AUTO-minute-swob.xml
2025-01-19 11:07:00+00:00,-7.8,1.5833333333333337,243.0,0.0,2025-01-19-1107-CWTA-AUTO-minute-swob.xml
2025-01-19 11:08:00+00:00,-7.8,1.8611111111111112,258.0,-11.4,2025-01-19-1108-CWTA-AUTO-minute-swob.xml
2025-01-19 11:09:00+00:00,-7.8,0.888888888888889,308.0,-11.4,2025-01-19-1109-CWTA-AUTO-minute-swob.xml
2025-01-19 11:10:00+00:00,-7.8,1.638888888888889,265.0,-8.5,2025-01-19-1110-CWTA-AUTO-minute-swob.xml
2025-01-19 11:11:00+00:00,-7.8,0.9166666666666666,302.0,-11.3,2025-01-19-1111-CWTA-AUTO-minute-swob.xml
2025-01-19 11:12:00+00:00,-7.8,1.027777777777778,237.0,-11.3,2025-01-19-1112-CWTA-AUTO-minute-swob.xml
2025-01-19 11:13:00+00:00,-7.8,0.8055555555555556,277.0,0.0,2025-01-19-1113-CWTA-AUTO-minute-swob.xml
2025-01-19 11:14:00+00:00,-7.8,2.138888888888889,260.0,-8.5,2025-01-19-1114-CWTA-AUTO-minute-swob.xml
2025-01-19 11:15:00+00:00,-7.8,2.388888888888889,249.0,-11.3,2025-01-19-1115-CWTA-AUTO-minute-swob.xml
2025-01-19 11:16:00+00:00,-7.9,2.388888888888889,281.0,0.0,2025-01-19-1116-CWTA-AUTO-minute-swob.xml
2025-01-19 11:17:00+00:00,-7.9,1.805555555555556,275.0,-11.6,2025-01-19-1117-CWTA-AUTO-minute-swob.xml
2025-01-19 11:18:00+00:00,-8.0,2.0,254.0,0.0,2025-01-19-1118-CWTA-AUTO-minute-swob.xml
2025-01-19 11:19:00+00:00,-8.0,1.5833333333333337,276.0,-11.6,2025-01-19-1119-CWTA-AUTO-minute-swob.xml
2025-01-19 11:20:00+00:00,-8.0,1.777777777777778,270.0,-8.7,2025-01-19-1120-CWTA-AUTO-minute-swob.xml
2025-01-19 11:21:00+00:00,-8.0,1.527777777777778,246.0,-11.7,2025-01-19-1121-CWTA-AUTO-minute-swob.xml
2025-01-19 11:22:00+00:00,-8.0,1.5555555555555556,266.0,-11.7,2025-01-19-1122-CWTA-AUTO-minute-swob.xml
2025-01-19 11:23:00+00:00,-8.0,0.6666666666666666,269.0,-11.7,2025-01-19-1123-CWTA-AUTO-minute-swob.xml
2025-01-19 11:24:00+00:00,-8.0,0.0555555555555555,265.0,0.0,2025-01-19-1124-CWTA-AUTO-minute-swob.xml
2025-01-19 11:25:00+00:00,-8.0,0.1388888888888889,259.0,0.0,2025-01-19-1125-CWTA-AUTO-minute-swob.xml
2025-01-19 11:26:00+00:00,-8.0,1.2777777777777777,247.0,-11.6,2025-01-19-1126-CWTA-AUTO-minute-swob.xml
2025-01-19 11:27:00+00:00,-8.0,2.083333333333333,256.0,-11.6,2025-01-19-1127-CWTA-AUTO-minute-swob.xml
2025-01-19 11:28:00+00:00,-8.0,0.6944444444444444,292.0,-11.6,2025-01-19-1128-CWTA-AUTO-minute-swob.xml
2025-01-19 11:29:00+00:00,-8.0,0.5555555555555556,288.0,0.0,2025-01-19-1129-CWTA-AUTO-minute-swob.xml
2025-01-19 11:30:00+00:00,-8.0,2.055555555555556,255.0,0.0,2025-01-19-1130-CWTA-AUTO-minute-swob.xml
2025-01-19 11:31:00+00:00,-8.1,1.527777777777778,249.0,0.0,2025-01-19-1131-CWTA-AUTO-minute-swob.xml
2025-01-19 11:32:00+00:00,-8.0,1.5555555555555556,269.0,-8.7,2025-01-19-1132-CWTA-AUTO-minute-swob.xml
2025-01-19 11:33:00+00:00,-8.0,0.5,251.0,-11.6,2025-01-19-1133-CWTA-AUTO-minute-swob.xml
2025-01-19 11:34:00+00:00,-8.0,1.1111111111111112,268.0,0.0,2025-01-19-1134-CWTA-AUTO-minute-swob.xml
2025-01-19 11:35:00+00:00,-8.1,1.0,239.0,-11.7,2025-01-19-1135-CWTA-AUTO-minute-swob.xml
2025-01-19 11:36:00+00:00,-8.1,1.8333333333333333,251.0,0.0,2025-01-19-1136-CWTA-AUTO-minute-swob.xml
2025-01-19 11:37:00+00:00,-8.1,2.305555555555556,259.0,0.0,2025-01-19-1137-CWTA-AUTO-minute-swob.xml
2025-01-19 11:38:00+00:00,-8.2,0.6111111111111112,316.0,-11.9,2025-01-19-1138-CWTA-AUTO-minute-swob.xml
2025-01-19 11:39:00+00:00,-8.2,1.3333333333333333,269.0,-11.9,2025-01-19-1139-CWTA-AUTO-minute-swob.xml
2025-01-19 11:40:00+00:00,-8.1,0.5555555555555556,260.0,0.0,2025-01-19-1140-CWTA-AUTO-minute-swob.xml
2025-01-19 11:41:00+00:00,-8.1,1.1388888888888888,243.0,-11.8,2025-01-19-1141-CWTA-AUTO-minute-swob.xml
2025-01-19 11:42:00+00:00,-8.2,2.388888888888889,245.0,0.0,2025-01-19-1142-CWTA-AUTO-minute-swob.xml
2025-01-19 11:43:00+00:00,-8.2,1.4166666666666667,246.0,-11.9,2025-01-19-1143-CWTA-AUTO-minute-swob.xml
2025-01-19 11:44:00+00:00,-8.2,1.027777777777778,263.0,-11.9,2025-01-19-1144-CWTA-AUTO-minute-swob.xml
2025-01-19 11:45:00+00:00,-8.2,0.2777777777777778,249.0,0.0,2025-01-19-1145-CWTA-AUTO-minute-swob.xml
2025-01-19 11:46:00+00:00,-8.2,1.5833333333333337,258.0,0.0,2025-01-19-1146-CWTA-AUTO-minute-swob.xml
2025-01-19 11:47:00+00:00,-8.3,1.6666666666666667,268.0,-11.9,2025-01-19-1147-CWTA-AUTO-minute-swob.xml
2025-01-19 11:48:00+00:00,-8.3,1.5833333333333337,260.0,0.0,2025-01-19-1148-CWTA-AUTO-minute-swob.xml
2025-01-19 11:49:00+00:00,-8.3,1.805555555555556,265.0,0.0,2025-01-19-1149-CWTA-AUTO-minute-swob.xml
2025-01-19 11:50:00+00:00,-8.3,1.7222222222222223,250.0,0.0,2025-01-19-1150-CWTA-AUTO-minute-swob.xml
2025-01-19 11:51:00+00:00,-8.3,1.7222222222222223,249.0,-12.0,2025-01-19-1151-CWTA-AUTO-minute-swob.xml
2025-01-19 11:52:00+00:00,-8.4,2.1944444444444446,251.0,0.0,2025-01-19-1152-CWTA-AUTO-minute-swob.xml
2025-01-19 11:53:00+00:00,-8.4,2.638888888888889,252.0,-12.1,2025-01-19-1153-CWTA-AUTO-minute-swob.xml
2025-01-19 11:54:00+00:00,-8.4,2.25,264.0,0.0,2025-01-19-1154-CWTA-AUTO-minute-swob.xml
2025-01-19 11:55:00+00:00,-8.4,1.75,275.0,-12.1,2025-01-19-1155-CWTA-AUTO-minute-swob.xml
2025-01-19 11:56:00+00:00,-8.4,1.6666666666666667,279.0,0.0,2025-01-19-1156-CWTA-AUTO-minute-swob.xml
2025-01-19 11:57:00+00:00,-8.4,3.388888888888889,247.0,0.0,2025-01-19-1157-CWTA-AUTO-minute-swob.xml
2025-01-19 11:58:00+00:00,-8.4,1.75,249.0,0.0,2025-01-19-1158-CWTA-AUTO-minute-swob.xml
2025-01-19 11:59:00+00:00,-8.4,1.4722222222222223,241.0,0.0,2025-01-19-1159-CWTA-AUTO-minute-swob.xml
2025-01-19 12:00:00+00:00,-8.4,1.4166666666666667,230.0,0.0,2025-01-19-1200-CWTA-AUTO-minute-swob.xml
2025-01-19 12:01:00+00:00,-8.3,1.9722222222222223,236.0,-9.0,2025-01-19-1201-CWTA-AUTO-minute-swob.xml
2025-01-19 12:02:00+00:00,-8.3,1.3611111111111112,261.0,-11.9,2025-01-19-1202-CWTA-AUTO-minute-swob.xml
2025-01-19 12:03:00+00:00,-8.4,0.5277777777777778,262.0,-9.1,2025-01-19-1203-CWTA-AUTO-minute-swob.xml
2025-01-19 12:04:00+00:00,-8.4,1.0833333333333333,349.0,0.0,2025-01-19-1204-CWTA-AUTO-minute-swob.xml
2025-01-19 12:05:00+00:00,-8.4,1.1111111111111112,295.0,0.0,2025-01-19-1205-CWTA-AUTO-minute-swob.xml
2025-01-19 12:06:00+00:00,-8.5,0.3611111111111111,304.0,-12.1,2025-01-19-1206-CWTA-AUTO-minute-swob.xml
2025-01-19 12:07:00+00:00,-8.4,0.4444444444444445,268.0,-12.0,2025-01-19-1207-CWTA-AUTO-minute-swob.xml
2025-01-19 12:08:00+00:00,-8.4,0.888888888888889,244.0,0.1,2025-01-19-1208-CWTA-AUTO-minute-swob.xml
2025-01-19 12:09:00+00:00,-8.5,1.6666666666666667,260.0,0.1,2025-01-19-1209-CWTA-AUTO-minute-swob.xml
2025-01-19 12:10:00+00:00,-8.5,1.6944444444444444,271.0,-9.2,2025-01-19-1210-CWTA-AUTO-minute-swob.xml
2025-01-19 12:11:00+00:00,-8.5,1.3055555555555556,275.0,0.2,2025-01-19-1211-CWTA-AUTO-minute-swob.xml
2025-01-19 12:12:00+00:00,-8.5,0.888888888888889,275.0,-12.2,2025-01-19-1212-CWTA-AUTO-minute-swob.xml
2025-01-19 12:13:00+00:00,-8.5,0.7777777777777778,292.0,-12.1,2025-01-19-1213-CWTA-AUTO-minute-swob.xml
2025-01-19 12:14:00+00:00,-8.5,1.3333333333333333,315.0,0.6,2025-01-19-1214-CWTA-AUTO-minute-swob.xml
2025-01-19 12:15:00+00:00,-8.5,0.1111111111111111,315.0,0.0,2025-01-19-1215-CWTA-AUTO-minute-swob.xml
2025-01-19 12:16:00+00:00,-8.5,0.5833333333333334,338.0,0.8,2025-01-19-1216-CWTA-AUTO-minute-swob.xml
2025-01-19 12:17:00+00:00,-8.5,1.0833333333333333,308.0,-12.1,2025-01-19-1217-CWTA-AUTO-minute-swob.xml
2025-01-19 12:18:00+00:00,-8.5,0.6944444444444444,302.0,-12.1,2025-01-19-1218-CWTA-AUTO-minute-swob.xml
2025-01-19 12:19:00+00:00,-8.5,0.5555555555555556,258.0,0.0,2025-01-19-1219-CWTA-AUTO-minute-swob.xml
2025-01-19 12:20:00+00:00,-8.5,0.6944444444444444,215.0,-12.0,2025-01-19-1220-CWTA-AUTO-minute-swob.xml
2025-01-19 12:21:00+00:00,-8.5,0.9722222222222224,250.0,0.7,2025-01-19-1221-CWTA-AUTO-minute-swob.xml
2025-01-19 12:22:00+00:00,-8.5,1.6111111111111112,326.0,-12.0,2025-01-19-1222-CWTA-AUTO-minute-swob.xml
2025-01-19 12:23:00+00:00,-8.6,2.611111111111111,260.0,0.0,2025-01-19-1223-CWTA-AUTO-minute-swob.xml
2025-01-19 12:24:00+00:00,-8.7,2.1944444444444446,267.0,1.0,2025-01-19-1224-CWTA-AUTO-minute-swob.xml
2025-01-19 12:25:00+00:00,-8.7,1.1944444444444444,283.0,0.0,2025-01-19-1225-CWTA-AUTO-minute-swob.xml
2025-01-19 12:26:00+00:00,-8.7,2.0277777777777777,261.0,-9.4,2025-01-19-1226-CWTA-AUTO-minute-swob.xml
2025-01-19 12:27:00+00:00,-8.8,1.805555555555556,303.0,-12.4,2025-01-19-1227-CWTA-AUTO-minute-swob.xml
2025-01-19 12:28:00+00:00,-8.8,1.1111111111111112,319.0,-12.4,2025-01-19-1228-CWTA-AUTO-minute-swob.xml
2025-01-19 12:29:00+00:00,-8.7,1.1388888888888888,263.0,-9.4,2025-01-19-1229-CWTA-AUTO-minute-swob.xml
2025-01-19 12:30:00+00:00,-8.7,2.055555555555556,257.0,1.8,2025-01-19-1230-CWTA-AUTO-minute-swob.xml
2025-01-19 12:31:00+00:00,-8.7,2.25,255.0,0.0,2025-01-19-1231-CWTA-AUTO-minute-swob.xml
2025-01-19 12:32:00+00:00,-8.8,1.527777777777778,267.0,0.0,2025-01-19-1232-CWTA-AUTO-minute-swob.xml
2025-01-19 12:33:00+00:00,-8.8,2.4166666666666665,298.0,2.3,2025-01-19-1233-CWTA-AUTO-minute-swob.xml
2025-01-19 12:34:00+00:00,-8.8,2.055555555555556,317.0,0.0,2025-01-19-1234-CWTA-AUTO-minute-swob.xml
2025-01-19 12:35:00+00:00,-8.8,1.5555555555555556,286.0,0.0,2025-01-19-1235-CWTA-AUTO-minute-swob.xml
2025-01-19 12:36:00+00:00,-8.8,1.9444444444444449,257.0,3.8,2025-01-19-1236-CWTA-AUTO-minute-swob.xml
2025-01-19 12:37:00+00:00,-8.8,2.555555555555556,276.0,3.2,2025-01-19-1237-CWTA-AUTO-minute-swob.xml
2025-01-19 12:38:00+00:00,-8.8,1.2222222222222223,268.0,-12.1,2025-01-19-1238-CWTA-AUTO-minute-swob.xml
2025-01-19 12:39:00+00:00,-8.9,2.083333333333333,249.0,0.0,2025-01-19-1239-CWTA-AUTO-minute-swob.xml
2025-01-19 12:40:00+00:00,-8.9,2.7222222222222223,281.0,-9.5,2025-01-19-1240-CWTA-AUTO-minute-swob.xml
2025-01-19 12:41:00+00:00,-8.9,1.9444444444444449,298.0,0.0,2025-01-19-1241-CWTA-AUTO-minute-swob.xml
2025-01-19 12:42:00+00:00,-8.9,1.027777777777778,244.0,-12.2,2025-01-19-1242-CWTA-AUTO-minute-swob.xml
2025-01-19 12:43:00+00:00,-8.9,1.8611111111111112,267.0,-9.5,2025-01-19-1243-CWTA-AUTO-minute-swob.xml
2025-01-19 12:44:00+00:00,-9.0,2.333333333333333,268.0,-9.5,2025-01-19-1244-CWTA-AUTO-minute-swob.xml
2025-01-19 12:45:00+00:00,-9.0,1.4722222222222223,285.0,-9.6,2025-01-19-1245-CWTA-AUTO-minute-swob.xml
2025-01-19 12:46:00+00:00,-9.1,3.1388888888888893,267.0,-12.4,2025-01-19-1246-CWTA-AUTO-minute-swob.xml
2025-01-19 12:47:00+00:00,-9.1,2.8888888888888893,269.0,7.6,2025-01-19-1247-CWTA-AUTO-minute-swob.xml
2025-01-19 12:48:00+00:00,-9.1,2.333333333333333,286.0,-12.5,2025-01-19-1248-CWTA-AUTO-minute-swob.xml
2025-01-19 12:49:00+00:00,-9.1,0.8333333333333334,308.0,7.8,2025-01-19-1249-CWTA-AUTO-minute-swob.xml
2025-01-19 12:50:00+00:00,-9.1,0.2222222222222222,282.0,8.1,2025-01-19-1250-CWTA-AUTO-minute-swob.xml
2025-01-19 12:51:00+00:00,-9.1,1.805555555555556,245.0,8.7,2025-01-19-1251-CWTA-AUTO-minute-swob.xml
2025-01-19 12:52:00+00:00,-9.1,1.0,302.0,-12.4,2025-01-19-1252-CWTA-AUTO-minute-swob.xml
2025-01-19 12:53:00+00:00,-9.2,0.7500000000000001,254.0,9.8,2025-01-19-1253-CWTA-AUTO-minute-swob.xml
2025-01-19 12:54:00+00:00,-9.1,1.2777777777777777,199.0,8.4,2025-01-19-1254-CWTA-AUTO-minute-swob.xml
2025-01-19 12:55:00+00:00,-9.2,1.8333333333333333,263.0,10.8,2025-01-19-1255-CWTA-AUTO-minute-swob.xml
2025-01-19 12:56:00+00:00,-9.3,2.2222222222222223,288.0,8.7,2025-01-19-1256-CWTA-AUTO-minute-swob.xml
2025-01-19 12:57:00+00:00,-9.3,1.9444444444444449,289.0,11.8,2025-01-19-1257-CWTA-AUTO-minute-swob.xml
2025-01-19 12:58:00+00:00,-9.3,1.9722222222222223,246.0,-12.7,2025-01-19-1258-CWTA-AUTO-minute-swob.xml
2025-01-19 12:59:00+00:00,-9.3,2.4722222222222223,250.0,0.0,2025-01-19-1259-CWTA-AUTO-minute-swob.xml
2025-01-19 13:00:00+00:00,-9.3,1.9444444444444449,261.0,13.6,2025-01-19-1300-CWTA-AUTO-minute-swob.xml
2025-01-19 13:01:00+00:00,-9.3,1.8611111111111112,274.0,-12.7,2025-01-19-1301-CWTA-AUTO-minute-swob.xml
2025-01-19 13:02:00+00:00,-9.3,1.75,289.0,0.0,2025-01-19-1302-CWTA-AUTO-minute-swob.xml
2025-01-19 13:03:00+00:00,-9.4,1.75,284.0,-12.8,2025-01-19-1303-CWTA-AUTO-minute-swob.xml
2025-01-19 13:04:00+00:00,-9.4,1.6944444444444444,285.0,0.0,2025-01-19-1304-CWTA-AUTO-minute-swob.xml
2025-01-19 13:05:00+00:00,-9.4,1.8888888888888888,238.0,0.0,2025-01-19-1305-CWTA-AUTO-minute-swob.xml
2025-01-19 13:06:00+00:00,-9.4,1.805555555555556,268.0,18.9,2025-01-19-1306-CWTA-AUTO-minute-swob.xml
2025-01-19 13:07:00+00:00,-9.5,2.333333333333333,276.0,19.9,2025-01-19-1307-CWTA-AUTO-minute-swob.xml
2025-01-19 13:08:00+00:00,-9.5,1.2777777777777777,221.0,-12.9,2025-01-19-1308-CWTA-AUTO-minute-swob.xml
2025-01-19 13:09:00+00:00,-9.4,1.1944444444444444,275.0,20.8,2025-01-19-1309-CWTA-AUTO-minute-swob.xml
2025-01-19 13:10:00+00:00,-9.5,2.833333333333333,251.0,-12.8,2025-01-19-1310-CWTA-AUTO-minute-swob.xml
2025-01-19 13:11:00+00:00,-9.5,2.0277777777777777,270.0,-12.8,2025-01-19-1311-CWTA-AUTO-minute-swob.xml
2025-01-19 13:12:00+00:00,-9.5,2.694444444444444,267.0,-10.1,2025-01-19-1312-CWTA-AUTO-minute-swob.xml
2025-01-19 13:13:00+00:00,-9.5,3.5,244.0,0.0,2025-01-19-1313-CWTA-AUTO-minute-swob.xml
2025-01-19 13:14:00+00:00,-9.6,2.055555555555556,272.0,-12.9,2025-01-19-1314-CWTA-AUTO-minute-swob.xml
2025-01-19 13:15:00+00:00,-9.6,2.305555555555556,284.0,34.4,2025-01-19-1315-CWTA-AUTO-minute-swob.xml
2025-01-19 13:16:00+00:00,-9.7,2.6666666666666665,304.0,-13.0,2025-01-19-1316-CWTA-AUTO-minute-swob.xml
2025-01-19 13:17:00+00:00,-9.7,2.2222222222222223,260.0,-13.0,2025-01-19-1317-CWTA-AUTO-minute-swob.xml
2025-01-19 13:18:00+00:00,-9.7,2.361111111111111,262.0,40.8,2025-01-19-1318-CWTA-AUTO-minute-swob.xml
2025-01-19 13:19:00+00:00,-9.7,2.305555555555556,255.0,-13.0,2025-01-19-1319-CWTA-AUTO-minute-swob.xml
2025-01-19 13:20:00+00:00,-9.7,2.5,251.0,-13.0,2025-01-19-1320-CWTA-AUTO-minute-swob.xml
2025-01-19 13:21:00+00:00,-9.7,1.25,265.0,-13.0,2025-01-19-1321-CWTA-AUTO-minute-swob.xml
2025-01-19 13:22:00+00:00,-9.7,0.5833333333333334,269.0,49.5,2025-01-19-1322-CWTA-AUTO-minute-swob.xml
2025-01-19 13:23:00+00:00,-9.6,0.6944444444444444,278.0,-13.0,2025-01-19-1323-CWTA-AUTO-minute-swob.xml
2025-01-19 13:24:00+00:00,-9.6,0.2777777777777778,305.0,-12.9,2025-01-19-1324-CWTA-AUTO-minute-swob.xml
2025-01-19 13:25:00+00:00,-9.7,0.7222222222222223,290.0,37.1,2025-01-19-1325-CWTA-AUTO-minute-swob.xml
2025-01-19 13:26:00+00:00,-9.7,1.4166666666666667,324.0,0.0,2025-01-19-1326-CWTA-AUTO-minute-swob.xml
2025-01-19 13:27:00+00:00,-9.7,1.4444444444444446,319.0,-10.2,2025-01-19-1327-CWTA-AUTO-minute-swob.xml
2025-01-19 13:28:00+00:00,-9.7,1.4444444444444446,304.0,0.0,2025-01-19-1328-CWTA-AUTO-minute-swob.xml
2025-01-19 13:29:00+00:00,-9.7,0.888888888888889,315.0,64.3,2025-01-19-1329-CWTA-AUTO-minute-swob.xml
2025-01-19 13:30:00+00:00,-9.8,1.638888888888889,343.0,-10.3,2025-01-19-1330-CWTA-AUTO-minute-swob.xml
2025-01-19 13:31:00+00:00,-9.7,0.5555555555555556,339.0,36.7,2025-01-19-1331-CWTA-AUTO-minute-swob.xml
2025-01-19 13:32:00+00:00,-9.8,1.6111111111111112,260.0,-10.3,2025-01-19-1332-CWTA-AUTO-minute-swob.xml
2025-01-19 13:33:00+00:00,-9.7,2.5,256.0,72.3,2025-01-19-1333-CWTA-AUTO-minute-swob.xml
2025-01-19 13:34:00+00:00,-9.8,1.6944444444444444,290.0,-13.1,2025-01-19-1334-CWTA-AUTO-minute-swob.xml
2025-01-19 13:35:00+00:00,-9.8,1.0833333333333333,303.0,0.0,2025-01-19-1335-CWTA-AUTO-minute-swob.xml
2025-01-19 13:36:00+00:00,-9.9,1.638888888888889,252.0,37.4,2025-01-19-1336-CWTA-AUTO-minute-swob.xml
2025-01-19 13:37:00+00:00,-9.8,1.0555555555555556,280.0,80.3,2025-01-19-1337-CWTA-AUTO-minute-swob.xml
2025-01-19 13:38:00+00:00,-9.8,1.638888888888889,242.0,-13.2,2025-01-19-1338-CWTA-AUTO-minute-swob.xml
2025-01-19 13:39:00+00:00,-9.8,1.2222222222222223,265.0,0.0,2025-01-19-1339-CWTA-AUTO-minute-swob.xml
2025-01-19 13:40:00+00:00,-9.8,0.4166666666666667,303.0,39.8,2025-01-19-1340-CWTA-AUTO-minute-swob.xml
2025-01-19 13:41:00+00:00,-9.8,1.0,358.0,-13.1,2025-01-19-1341-CWTA-AUTO-minute-swob.xml
2025-01-19 13:42:00+00:00,-9.9,0.5555555555555556,0.0,-13.2,2025-01-19-1342-CWTA-AUTO-minute-swob.xml
2025-01-19 13:43:00+00:00,-9.9,0.8333333333333334,176.0,93.8,2025-01-19-1343-CWTA-AUTO-minute-swob.xml
2025-01-19 13:44:00+00:00,-9.8,2.055555555555556,251.0,0.0,2025-01-19-1344-CWTA-AUTO-minute-swob.xml
2025-01-19 13:45:00+00:00,-9.9,0.8333333333333334,268.0,0.0,2025-01-19-1345-CWTA-AUTO-minute-swob.xml
2025-01-19 13:46:00+00:00,-9.8,1.7222222222222223,231.0,0.0,2025-01-19-1346-CWTA-AUTO-minute-swob.xml
2025-01-19 13:47:00+00:00,-9.8,1.805555555555556,243.0,-13.1,2025-01-19-1347-CWTA-AUTO-minute-swob.xml
2025-01-19 13:48:00+00:00,-9.9,2.0277777777777777,255.0,-13.2,2025-01-19-1348-CWTA-AUTO-minute-swob.xml
2025-01-19 13:49:00+00:00,-9.9,1.1388888888888888,247.0,-13.2,2025-01-19-1349-CWTA-AUTO-minute-swob.xml
2025-01-19 13:50:00+00:00,-9.9,0.9166666666666666,238.0,-13.2,2025-01-19-1350-CWTA-AUTO-minute-swob.xml
2025-01-19 13:51:00+00:00,-9.9,0.1666666666666666,258.0,55.0,2025-01-19-1351-CWTA-AUTO-minute-swob.xml
2025-01-19 13:52:00+00:00,-10.0,0.25,252.0,119.0,2025-01-19-1352-CWTA-AUTO-minute-swob.xml
2025-01-19 13:53:00+00:00,-10.0,0.5555555555555556,259.0,-13.3,2025-01-19-1353-CWTA-AUTO-minute-swob.xml
2025-01-19 13:54:00+00:00,-10.0,1.1388888888888888,256.0,124.7,2025-01-19-1354-CWTA-AUTO-minute-swob.xml
2025-01-19 13:55:00+00:00,-9.9,1.3055555555555556,271.0,56.8,2025-01-19-1355-CWTA-AUTO-minute-swob.xml
2025-01-19 13:56:00+00:00,-9.9,1.6111111111111112,318.0,0.0,2025-01-19-1356-CWTA-AUTO-minute-swob.xml
2025-01-19 13:57:00+00:00,-9.9,1.4722222222222223,236.0,133.5,2025-01-19-1357-CWTA-AUTO-minute-swob.xml
2025-01-19 13:58:00+00:00,-9.9,2.0277777777777777,261.0,-13.2,2025-01-19-1358-CWTA-AUTO-minute-swob.xml
2025-01-19 13:59:00+00:00,-9.9,0.9722222222222224,268.0,0.0,2025-01-19-1359-CWTA-AUTO-minute-swob.xml
2025-01-19 14:00:00+00:00,-9.9,1.0,333.0,-10.4,2025-01-19-1400-CWTA-AUTO-minute-swob.xml
2025-01-19 14:01:00+00:00,-9.9,1.3888888888888888,336.0,146.1,2025-01-19-1401-CWTA-AUTO-minute-swob.xml
2025-01-19 14:02:00+00:00,-9.9,1.1666666666666667,312.0,-10.5,2025-01-19-1402-CWTA-AUTO-minute-swob.xml
2025-01-19 14:03:00+00:00,-9.9,0.3055555555555556,253.0,152.9,2025-01-19-1403-CWTA-AUTO-minute-swob.xml
2025-01-19 14:04:00+00:00,-9.9,0.5555555555555556,351.0,0.0,2025-01-19-1404-CWTA-AUTO-minute-swob.xml
2025-01-19 14:05:00+00:00,-9.9,1.3333333333333333,353.0,0.0,2025-01-19-1405-CWTA-AUTO-minute-swob.xml
2025-01-19 14:06:00+00:00,-9.9,1.8611111111111112,336.0,-13.2,2025-01-19-1406-CWTA-AUTO-minute-swob.xml
2025-01-19 14:07:00+00:00,-9.9,1.1388888888888888,279.0,-13.2,2025-01-19-1407-CWTA-AUTO-minute-swob.xml
2025-01-19 14:08:00+00:00,-9.9,1.2777777777777777,320.0,-10.4,2025-01-19-1408-CWTA-AUTO-minute-swob.xml
2025-01-19 14:09:00+00:00,-9.9,0.9444444444444444,333.0,-13.3,2025-01-19-1409-CWTA-AUTO-minute-swob.xml
2025-01-19 14:10:00+00:00,-9.9,1.3888888888888888,276.0,176.8,2025-01-19-1410-CWTA-AUTO-minute-swob.xml
2025-01-19 14:11:00+00:00,-9.9,1.2222222222222223,315.0,0.0,2025-01-19-1411-CWTA-AUTO-minute-swob.xml
2025-01-19 14:12:00+00:00,-9.9,2.2777777777777777,308.0,182.2,2025-01-19-1412-CWTA-AUTO-minute-swob.xml
2025-01-19 14:13:00+00:00,-10.0,2.1666666666666665,315.0,-13.4,2025-01-19-1413-CWTA-AUTO-minute-swob.xml
2025-01-19 14:14:00+00:00,-10.0,3.4444444444444446,296.0,-10.5,2025-01-19-1414-CWTA-AUTO-minute-swob.xml
2025-01-19 14:15:00+00:00,-9.9,1.2777777777777777,314.0,86.3,2025-01-19-1415-CWTA-AUTO-minute-swob.xml
2025-01-19 14:16:00+00:00,-9.9,2.638888888888889,352.0,-10.5,2025-01-19-1416-CWTA-AUTO-minute-swob.xml
2025-01-19 14:17:00+00:00,-9.9,1.3611111111111112,331.0,0.0,2025-01-19-1417-CWTA-AUTO-minute-swob.xml
2025-01-19 14:18:00+00:00,-9.9,1.9166666666666667,346.0,87.2,2025-01-19-1418-CWTA-AUTO-minute-swob.xml
2025-01-19 14:19:00+00:00,-9.8,1.8333333333333333,295.0,0.0,2025-01-19-1419-CWTA-AUTO-minute-swob.xml
2025-01-19 14:20:00+00:00,-9.8,1.5833333333333337,323.0,205.6,2025-01-19-1420-CWTA-AUTO-minute-swob.xml
2025-01-19 14:21:00+00:00,-9.8,1.638888888888889,325.0,207.8,2025-01-19-1421-CWTA-AUTO-minute-swob.xml
2025-01-19 14:22:00+00:00,-9.9,1.1666666666666667,288.0,0.0,2025-01-19-1422-CWTA-AUTO-minute-swob.xml
2025-01-19 14:23:00+00:00,-9.9,0.3888888888888889,304.0,-10.4,2025-01-19-1423-CWTA-AUTO-minute-swob.xml
2025-01-19 14:24:00+00:00,-9.8,1.1111111111111112,290.0,-13.4,2025-01-19-1424-CWTA-AUTO-minute-swob.xml
2025-01-19 14:25:00+00:00,-9.8,0.8333333333333334,314.0,-13.4,2025-01-19-1425-CWTA-AUTO-minute-swob.xml
2025-01-19 14:26:00+00:00,-9.8,2.4722222222222223,318.0,0.0,2025-01-19-1426-CWTA-AUTO-minute-swob.xml
2025-01-19 14:27:00+00:00,-9.9,2.305555555555556,331.0,91.8,2025-01-19-1427-CWTA-AUTO-minute-swob.xml
2025-01-19 14:28:00+00:00,-9.9,2.583333333333333,317.0,229.0,2025-01-19-1428-CWTA-AUTO-minute-swob.xml
2025-01-19 14:29:00+00:00,-9.9,1.7222222222222223,297.0,-13.5,2025-01-19-1429-CWTA-AUTO-minute-swob.xml
2025-01-19 14:30:00+00:00,-9.9,2.388888888888889,303.0,-13.5,2025-01-19-1430-CWTA-AUTO-minute-swob.xml
2025-01-19 14:31:00+00:00,-9.9,2.916666666666667,276.0,107.5,2025-01-19-1431-CWTA-AUTO-minute-swob.xml
2025-01-19 14:32:00+00:00,-9.9,1.805555555555556,285.0,-10.4,2025-01-19-1432-CWTA-AUTO-minute-swob.xml
2025-01-19 14:33:00+00:00,-9.8,1.75,330.0,-10.4,2025-01-19-1433-CWTA-AUTO-minute-swob.xml
2025-01-19 14:34:00+00:00,-9.8,1.5555555555555556,303.0,107.2,2025-01-19-1434-CWTA-AUTO-minute-swob.xml
2025-01-19 14:35:00+00:00,-9.8,1.3055555555555556,328.0,-13.3,2025-01-19-1435-CWTA-AUTO-minute-swob.xml
2025-01-19 14:36:00+00:00,-9.8,2.611111111111111,353.0,262.1,2025-01-19-1436-CWTA-AUTO-minute-swob.xml
2025-01-19 14:37:00+00:00,-9.8,2.333333333333333,320.0,265.1,2025-01-19-1437-CWTA-AUTO-minute-swob.xml
2025-01-19 14:38:00+00:00,-9.8,3.027777777777778,338.0,79.5,2025-01-19-1438-CWTA-AUTO-minute-swob.xml
2025-01-19 14:39:00+00:00,-9.8,3.6666666666666665,303.0,-13.5,2025-01-19-1439-CWTA-AUTO-minute-swob.xml
2025-01-19 14:40:00+00:00,-9.8,2.5,331.0,0.0,2025-01-19-1440-CWTA-AUTO-minute-swob.xml
2025-01-19 14:41:00+00:00,-9.8,2.555555555555556,347.0,0.0,2025-01-19-1441-CWTA-AUTO-minute-swob.xml
2025-01-19 14:42:00+00:00,-9.8,2.583333333333333,338.0,-10.4,2025-01-19-1442-CWTA-AUTO-minute-swob.xml
2025-01-19 14:43:00+00:00,-9.8,1.805555555555556,337.0,-10.4,2025-01-19-1443-CWTA-AUTO-minute-swob.xml
2025-01-19 14:44:00+00:00,-9.8,2.25,344.0,-13.6,2025-01-19-1444-CWTA-AUTO-minute-swob.xml
2025-01-19 14:45:00+00:00,-9.8,2.4444444444444446,334.0,294.8,2025-01-19-1445-CWTA-AUTO-minute-swob.xml
2025-01-19 14:46:00+00:00,-9.8,1.777777777777778,326.0,-13.6,2025-01-19-1446-CWTA-AUTO-minute-swob.xml
2025-01-19 14:47:00+00:00,-9.8,2.0,341.0,0.0,2025-01-19-1447-CWTA-AUTO-minute-swob.xml
2025-01-19 14:48:00+00:00,-9.8,2.75,344.0,310.1,2025-01-19-1448-CWTA-AUTO-minute-swob.xml
2025-01-19 14:49:00+00:00,-9.7,2.6666666666666665,334.0,-13.6,2025-01-19-1449-CWTA-AUTO-minute-swob.xml
2025-01-19 14:50:00+00:00,-9.8,1.5555555555555556,330.0,148.9,2025-01-19-1450-CWTA-AUTO-minute-swob.xml
2025-01-19 14:51:00+00:00,-9.8,1.3333333333333333,347.0,326.0,2025-01-19-1451-CWTA-AUTO-minute-swob.xml
2025-01-19 14:52:00+00:00,-9.7,2.0,331.0,0.0,2025-01-19-1452-CWTA-AUTO-minute-swob.xml
2025-01-19 14:53:00+00:00,-9.7,1.805555555555556,337.0,-10.4,2025-01-19-1453-CWTA-AUTO-minute-swob.xml
2025-01-19 14:54:00+00:00,-9.7,2.805555555555556,331.0,-13.7,2025-01-19-1454-CWTA-AUTO-minute-swob.xml
2025-01-19 14:55:00+00:00,-9.7,1.638888888888889,329.0,-10.4,2025-01-19-1455-CWTA-AUTO-minute-swob.xml
2025-01-19 14:56:00+00:00,-9.7,1.9444444444444449,303.0,349.1,2025-01-19-1456-CWTA-AUTO-minute-swob.xml
2025-01-19 14:57:00+00:00,-9.6,1.5555555555555556,306.0,-13.6,2025-01-19-1457-CWTA-AUTO-minute-swob.xml
2025-01-19 14:58:00+00:00,-9.7,1.6111111111111112,302.0,-10.3,2025-01-19-1458-CWTA-AUTO-minute-swob.xml
2025-01-19 14:59:00+00:00,-9.7,2.4166666666666665,279.0,138.1,2025-01-19-1459-CWTA-AUTO-minute-swob.xml
2025-01-19 15:00:00+00:00,-9.8,3.611111111111111,310.0,367.3,2025-01-19-1500-CWTA-AUTO-minute-swob.xml
2025-01-19 15:01:00+00:00,-9.9,3.027777777777778,332.0,372.3,2025-01-19-1501-CWTA-AUTO-minute-swob.xml
2025-01-19 15:02:00+00:00,-9.9,1.5833333333333337,325.0,-14.1,2025-01-19-1502-CWTA-AUTO-minute-swob.xml
2025-01-19 15:03:00+00:00,-9.9,2.8888888888888893,268.0,-14.1,2025-01-19-1503-CWTA-AUTO-minute-swob.xml
2025-01-19 15:04:00+00:00,-9.8,1.4444444444444446,282.0,0.0,2025-01-19-1504-CWTA-AUTO-minute-swob.xml
2025-01-19 15:05:00+00:00,-9.7,1.1111111111111112,316.0,392.8,2025-01-19-1505-CWTA-AUTO-minute-swob.xml
2025-01-19 15:06:00+00:00,-9.7,1.25,258.0,-13.9,2025-01-19-1506-CWTA-AUTO-minute-swob.xml
2025-01-19 15:07:00+00:00,-9.7,1.4444444444444446,258.0,401.6,2025-01-19-1507-CWTA-AUTO-minute-swob.xml
2025-01-19 15:08:00+00:00,-9.7,2.083333333333333,323.0,-13.9,2025-01-19-1508-CWTA-AUTO-minute-swob.xml
2025-01-19 15:09:00+00:00,-9.7,1.2222222222222223,300.0,-14.0,2025-01-19-1509-CWTA-AUTO-minute-swob.xml
2025-01-19 15:10:00+00:00,-9.6,0.9722222222222224,259.0,413.8,2025-01-19-1510-CWTA-AUTO-minute-swob.xml
2025-01-19 15:11:00+00:00,-9.5,0.2777777777777778,278.0,0.0,2025-01-19-1511-CWTA-AUTO-minute-swob.xml
2025-01-19 15:12:00+00:00,-9.5,0.6388888888888888,300.0,0.0,2025-01-19-1512-CWTA-AUTO-minute-swob.xml
2025-01-19 15:13:00+00:00,-9.5,0.5277777777777778,316.0,426.0,2025-01-19-1513-CWTA-AUTO-minute-swob.xml
2025-01-19 15:14:00+00:00,-9.5,0.3055555555555556,321.0,150.0,2025-01-19-1514-CWTA-AUTO-minute-swob.xml
2025-01-19 15:15:00+00:00,-9.4,0.9444444444444444,329.0,433.4,2025-01-19-1515-CWTA-AUTO-minute-swob.xml
2025-01-19 15:16:00+00:00,-9.3,0.7500000000000001,328.0,-13.5,2025-01-19-1516-CWTA-AUTO-minute-swob.xml
2025-01-19 15:17:00+00:00,-9.3,0.7500000000000001,252.0,135.7,2025-01-19-1517-CWTA-AUTO-minute-swob.xml
2025-01-19 15:18:00+00:00,-9.3,1.0555555555555556,291.0,-10.0,2025-01-19-1518-CWTA-AUTO-minute-swob.xml
2025-01-19 15:19:00+00:00,-9.4,1.2777777777777777,287.0,445.0,2025-01-19-1519-CWTA-AUTO-minute-swob.xml
2025-01-19 15:20:00+00:00,-9.4,1.1111111111111112,199.0,-13.7,2025-01-19-1520-CWTA-AUTO-minute-swob.xml
2025-01-19 15:21:00+00:00,-9.4,1.1388888888888888,213.0,450.4,2025-01-19-1521-CWTA-AUTO-minute-swob.xml
2025-01-19 15:22:00+00:00,-9.3,1.5000000000000002,237.0,-13.6,2025-01-19-1522-CWTA-AUTO-minute-swob.xml
2025-01-19 15:23:00+00:00,-9.3,3.166666666666667,250.0,454.7,2025-01-19-1523-CWTA-AUTO-minute-swob.xml
2025-01-19 15:24:00+00:00,-9.5,2.9444444444444446,285.0,-13.8,2025-01-19-1524-CWTA-AUTO-minute-swob.xml
2025-01-19 15:25:00+00:00,-9.5,2.0,297.0,-13.9,2025-01-19-1525-CWTA-AUTO-minute-swob.xml
2025-01-19 15:26:00+00:00,-9.6,2.1944444444444446,277.0,0.0,2025-01-19-1526-CWTA-AUTO-minute-swob.xml
2025-01-19 15:27:00+00:00,-9.6,1.1388888888888888,243.0,-14.0,2025-01-19-1527-CWTA-AUTO-minute-swob.xml
2025-01-19 15:28:00+00:00,-9.6,1.1666666666666667,243.0,0.0,2025-01-19-1528-CWTA-AUTO-minute-swob.xml
2025-01-19 15:29:00+00:00,-9.5,1.6944444444444444,238.0,464.5,2025-01-19-1529-CWTA-AUTO-minute-swob.xml
2025-01-19 15:30:00+00:00,-9.6,1.3333333333333333,242.0,466.3,2025-01-19-1530-CWTA-AUTO-minute-swob.xml
2025-01-19 15:31:00+00:00,-9.5,1.3333333333333333,248.0,0.0,2025-01-19-1531-CWTA-AUTO-minute-swob.xml
2025-01-19 15:32:00+00:00,-9.5,1.0555555555555556,280.0,140.4,2025-01-19-1532-CWTA-AUTO-minute-swob.xml
2025-01-19 15:33:00+00:00,-9.5,1.2777777777777777,270.0,-13.9,2025-01-19-1533-CWTA-AUTO-minute-swob.xml
2025-01-19 15:34:00+00:00,-9.5,1.527777777777778,302.0,0.0,2025-01-19-1534-CWTA-AUTO-minute-swob.xml
2025-01-19 15:35:00+00:00,-9.5,2.25,294.0,476.8,2025-01-19-1535-CWTA-AUTO-minute-swob.xml
2025-01-19 15:36:00+00:00,-9.5,1.6666666666666667,231.0,0.0,2025-01-19-1536-CWTA-AUTO-minute-swob.xml
2025-01-19 15:37:00+00:00,-9.5,2.1944444444444446,259.0,0.0,2025-01-19-1537-CWTA-AUTO-minute-swob.xml
2025-01-19 15:38:00+00:00,-9.5,1.2777777777777777,352.0,-10.3,2025-01-19-1538-CWTA-AUTO-minute-swob.xml
2025-01-19 15:39:00+00:00,-9.5,1.6111111111111112,360.0,-13.9,2025-01-19-1539-CWTA-AUTO-minute-swob.xml
2025-01-19 15:40:00+00:00,-9.5,1.9444444444444449,337.0,171.1,2025-01-19-1540-CWTA-AUTO-minute-swob.xml
2025-01-19 15:41:00+00:00,-9.5,1.1388888888888888,277.0,-13.9,2025-01-19-1541-CWTA-AUTO-minute-swob.xml
2025-01-19 15:42:00+00:00,-9.4,0.4166666666666667,290.0,-13.9,2025-01-19-1542-CWTA-AUTO-minute-swob.xml
2025-01-19 15:43:00+00:00,-9.4,0.0555555555555555,239.0,0.0,2025-01-19-1543-CWTA-AUTO-minute-swob.xml
2025-01-19 15:45:00+00:00,-9.2,1.4722222222222223,252.0,510.7,2025-01-19-1545-CWTA-AUTO-minute-swob.xml
2025-01-19 15:46:00+00:00,-9.3,0.5833333333333334,274.0,514.9,2025-01-19-1546-CWTA-AUTO-minute-swob.xml
2025-01-19 15:47:00+00:00,-9.2,0.6944444444444444,259.0,197.5,2025-01-19-1547-CWTA-AUTO-minute-swob.xml
2025-01-19 15:48:00+00:00,-9.2,1.5833333333333337,290.0,0.0,2025-01-19-1548-CWTA-AUTO-minute-swob.xml
2025-01-19 15:49:00+00:00,-9.2,0.6666666666666666,261.0,-13.7,2025-01-19-1549-CWTA-AUTO-minute-swob.xml
2025-01-19 15:50:00+00:00,-9.2,1.527777777777778,289.0,0.0,2025-01-19-1550-CWTA-AUTO-minute-swob.xml
2025-01-19 15:51:00+00:00,-9.3,0.6666666666666666,323.0,184.7,2025-01-19-1551-CWTA-AUTO-minute-swob.xml
2025-01-19 15:52:00+00:00,-9.3,0.0277777777777777,317.0,0.0,2025-01-19-1552-CWTA-AUTO-minute-swob.xml
2025-01-19 15:53:00+00:00,-9.2,1.4722222222222223,232.0,533.8,2025-01-19-1553-CWTA-AUTO-minute-swob.xml
2025-01-19 15:54:00+00:00,-9.2,1.6111111111111112,241.0,0.0,2025-01-19-1554-CWTA-AUTO-minute-swob.xml
2025-01-19 15:55:00+00:00,-9.2,2.055555555555556,246.0,-13.6,2025-01-19-1555-CWTA-AUTO-minute-swob.xml
2025-01-19 15:56:00+00:00,-9.1,0.6388888888888888,245.0,-9.9,2025-01-19-1556-CWTA-AUTO-minute-swob.xml
2025-01-19 15:57:00+00:00,-9.1,2.055555555555556,231.0,546.2,2025-01-19-1557-CWTA-AUTO-minute-swob.xml
2025-01-19 15:58:00+00:00,-9.2,1.25,239.0,0.0,2025-01-19-1558-CWTA-AUTO-minute-swob.xml
2025-01-19 15:59:00+00:00,-9.2,2.5,300.0,-13.6,2025-01-19-1559-CWTA-AUTO-minute-swob.xml
2025-01-19 16:00:00+00:00,-9.5,1.527777777777778,315.0,169.0,2025-01-19-1600-CWTA-AUTO-minute-swob.xml
2025-01-19 16:01:00+00:00,-9.5,1.2777777777777777,222.0,552.7,2025-01-19-1601-CWTA-AUTO-minute-swob.xml
2025-01-19 16:02:00+00:00,-9.5,2.5,269.0,553.9,2025-01-19-1602-CWTA-AUTO-minute-swob.xml
2025-01-19 16:03:00+00:00,-9.4,1.2222222222222223,235.0,555.1,2025-01-19-1603-CWTA-AUTO-minute-swob.xml
2025-01-19 16:04:00+00:00,-9.4,1.3055555555555556,274.0,171.3,2025-01-19-1604-CWTA-AUTO-minute-swob.xml
2025-01-19 16:05:00+00:00,-9.4,1.8888888888888888,280.0,169.5,2025-01-19-1605-CWTA-AUTO-minute-swob.xml
2025-01-19 16:06:00+00:00,-9.5,1.5555555555555556,268.0,557.5,2025-01-19-1606-CWTA-AUTO-minute-swob.xml
2025-01-19 16:07:00+00:00,-9.4,1.638888888888889,250.0,559.2,2025-01-19-1607-CWTA-AUTO-minute-swob.xml
2025-01-19 16:08:00+00:00,-9.5,1.4722222222222223,256.0,-10.3,2025-01-19-1608-CWTA-AUTO-minute-swob.xml
2025-01-19 16:09:00+00:00,-9.6,0.7777777777777778,170.0,563.8,2025-01-19-1609-CWTA-AUTO-minute-swob.xml
2025-01-19 16:10:00+00:00,-9.5,2.611111111111111,231.0,-13.9,2025-01-19-1610-CWTA-AUTO-minute-swob.xml
2025-01-19 16:11:00+00:00,-9.6,2.361111111111111,239.0,568.5,2025-01-19-1611-CWTA-AUTO-minute-swob.xml
2025-01-19 16:12:00+00:00,-9.6,1.9166666666666667,240.0,0.0,2025-01-19-1612-CWTA-AUTO-minute-swob.xml
2025-01-19 16:13:00+00:00,-9.7,2.2777777777777777,245.0,0.0,2025-01-19-1613-CWTA-AUTO-minute-swob.xml
2025-01-19 16:14:00+00:00,-9.6,2.361111111111111,233.0,,2025-01-19-1614-CWTA-AUTO-minute-swob.xml
2025-01-19 16:15:00+00:00,-9.7,2.916666666666667,226.0,576.3,2025-01-19-1615-CWTA-AUTO-minute-swob.xml
2025-01-19 16:16:00+00:00,-9.8,3.083333333333333,253.0,0.0,2025-01-19-1616-CWTA-AUTO-minute-swob.xml
2025-01-19 16:17:00+00:00,-9.9,4.222222222222222,248.0,583.0,2025-01-19-1617-CWTA-AUTO-minute-swob.xml
2025-01-19 16:18:00+00:00,-10.0,3.027777777777778,254.0,0.0,2025-01-19-1618-CWTA-AUTO-minute-swob.xml
2025-01-19 16:19:00+00:00,-10.0,3.0000000000000004,242.0,0.0,2025-01-19-1619-CWTA-AUTO-minute-swob.xml
2025-01-19 16:20:00+00:00,-9.9,2.2777777777777777,221.0,597.6,2025-01-19-1620-CWTA-AUTO-minute-swob.xml
2025-01-19 16:21:00+00:00,-9.8,1.638888888888889,228.0,604.0,2025-01-19-1621-CWTA-AUTO-minute-swob.xml
2025-01-19 16:22:00+00:00,-9.8,1.9166666666666667,237.0,-14.0,2025-01-19-1622-CWTA-AUTO-minute-swob.xml
2025-01-19 16:23:00+00:00,-9.8,1.3333333333333333,202.0,224.0,2025-01-19-1623-CWTA-AUTO-minute-swob.xml
2025-01-19 16:24:00+00:00,-9.9,2.0277777777777777,229.0,-14.1,2025-01-19-1624-CWTA-AUTO-minute-swob.xml
2025-01-19 16:25:00+00:00,-9.9,2.1944444444444446,251.0,0.0,2025-01-19-1625-CWTA-AUTO-minute-swob.xml
2025-01-19 16:26:00+00:00,-9.8,0.9722222222222223,269.0,259.9,2025-01-19-1626-CWTA-AUTO-minute-swob.xml
2025-01-19 16:27:00+00:00,-9.5,0.05555555555555556,322.0,649.7,2025-01-19-1627-CWTA-AUTO-minute-swob.xml
2025-01-19 16:28:00+00:00,-9.5,0.8333333333333334,262.0,-10.2,2025-01-19-1628-CWTA-AUTO-minute-swob.xml
2025-01-19 16:29:00+00:00,-9.6,1.027777777777778,270.0,668.8,2025-01-19-1629-CWTA-AUTO-minute-swob.xml
2025-01-19 16:30:00+00:00,-9.6,2.1666666666666665,246.0,0.0,2025-01-19-1630-CWTA-AUTO-minute-swob.xml
2025-01-19 16:31:00+00:00,-9.6,2.055555555555556,283.0,0.0,2025-01-19-1631-CWTA-AUTO-minute-swob.xml
2025-01-19 16:32:00+00:00,-9.6,1.9166666666666667,319.0,-14.0,2025-01-19-1632-CWTA-AUTO-minute-swob.xml
2025-01-19 16:33:00+00:00,-9.7,2.5277777777777777,312.0,-14.0,2025-01-19-1633-CWTA-AUTO-minute-swob.xml
2025-01-19 16:34:00+00:00,-9.7,1.4722222222222223,292.0,-10.5,2025-01-19-1634-CWTA-AUTO-minute-swob.xml
2025-01-19 16:35:00+00:00,-9.7,2.055555555555556,284.0,0.0,2025-01-19-1635-CWTA-AUTO-minute-swob.xml
2025-01-19 16:36:00+00:00,-9.7,2.4444444444444446,247.0,280.3,2025-01-19-1636-CWTA-AUTO-minute-swob.xml
2025-01-19 16:37:00+00:00,-9.6,1.1944444444444444,255.0,0.0,2025-01-19-1637-CWTA-AUTO-minute-swob.xml
2025-01-19 16:38:00+00:00,-9.6,1.9444444444444446,267.0,257.4,2025-01-19-1638-CWTA-AUTO-minute-swob.xml
2025-01-19 16:39:00+00:00,-9.5,1.4722222222222223,277.0,255.3,2025-01-19-1639-CWTA-AUTO-minute-swob.xml
2025-01-19 16:40:00+00:00,-9.5,1.4444444444444446,292.0,-14.0,2025-01-19-1640-CWTA-AUTO-minute-swob.xml
2025-01-19 16:41:00+00:00,-9.5,1.6944444444444444,256.0,-14.0,2025-01-19-1641-CWTA-AUTO-minute-swob.xml
2025-01-19 16:42:00+00:00,-9.5,1.9722222222222223,261.0,283.6,2025-01-19-1642-CWTA-AUTO-minute-swob.xml
2025-01-19 16:43:00+00:00,-9.4,1.0555555555555556,263.0,-14.0,2025-01-19-1643-CWTA-AUTO-minute-swob.xml
2025-01-19 16:44:00+00:00,-9.4,1.6666666666666667,291.0,-14.0,2025-01-19-1644-CWTA-AUTO-minute-swob.xml
2025-01-19 16:45:00+00:00,-9.5,1.4166666666666667,296.0,0.2,2025-01-19-1645-CWTA-AUTO-minute-swob.xml
2025-01-19 16:46:00+00:00,-9.5,1.9166666666666667,320.0,284.2,2025-01-19-1646-CWTA-AUTO-minute-swob.xml
2025-01-19 16:47:00+00:00,-9.5,2.5,320.0,796.5,2025-01-19-1647-CWTA-AUTO-minute-swob.xml
2025-01-19 16:48:00+00:00,-9.5,2.138888888888889,288.0,803.5,2025-01-19-1648-CWTA-AUTO-minute-swob.xml
2025-01-19 16:49:00+00:00,-9.4,1.6111111111111112,248.0,810.8,2025-01-19-1649-CWTA-AUTO-minute-swob.xml
2025-01-19 16:50:00+00:00,-9.3,1.3333333333333333,237.0,0.2,2025-01-19-1650-CWTA-AUTO-minute-swob.xml
2025-01-19 16:51:00+00:00,-9.1,1.8055555555555556,278.0,823.5,2025-01-19-1651-CWTA-AUTO-minute-swob.xml
2025-01-19 16:52:00+00:00,-9.4,1.9166666666666667,280.0,-10.2,2025-01-19-1652-CWTA-AUTO-minute-swob.xml
2025-01-19 16:53:00+00:00,-9.3,0.3888888888888889,237.0,0.2,2025-01-19-1653-CWTA-AUTO-minute-swob.xml
2025-01-19 16:54:00+00:00,-9.0,1.1111111111111112,189.0,-13.7,2025-01-19-1654-CWTA-AUTO-minute-swob.xml
2025-01-19 16:55:00+00:00,-9.1,1.5000000000000002,221.0,-9.9,2025-01-19-1655-CWTA-AUTO-minute-swob.xml
2025-01-19 16:56:00+00:00,-9.0,1.3333333333333333,210.0,329.7,2025-01-19-1656-CWTA-AUTO-minute-swob.xml
2025-01-19 16:57:00+00:00,-8.9,1.5000000000000002,215.0,-13.8,2025-01-19-1657-CWTA-AUTO-minute-swob.xml
2025-01-19 16:58:00+00:00,-8.9,1.4722222222222223,243.0,323.5,2025-01-19-1658-CWTA-AUTO-minute-swob.xml
2025-01-19 16:59:00+00:00,-9.0,1.4444444444444446,239.0,-9.9,2025-01-19-1659-CWTA-AUTO-minute-swob.xml
2025-01-19 17:00:00+00:00,-8.9,0.9166666666666666,231.0,897.9,2025-01-19-1700-CWTA-AUTO-minute-swob.xml
2025-01-19 17:01:00+00:00,-8.9,1.1388888888888888,287.0,-13.8,2025-01-19-1701-CWTA-AUTO-minute-swob.xml
2025-01-19 17:02:00+00:00,-8.8,1.1388888888888888,328.0,252.6,2025-01-19-1702-CWTA-AUTO-minute-swob.xml
2025-01-19 17:03:00+00:00,-9.0,1.777777777777778,327.0,913.1,2025-01-19-1703-CWTA-AUTO-minute-swob.xml
2025-01-19 17:04:00+00:00,-9.1,1.8055555555555556,267.0,-14.0,2025-01-19-1704-CWTA-AUTO-minute-swob.xml
2025-01-19 17:05:00+00:00,-9.0,2.7777777777777777,250.0,306.1,2025-01-19-1705-CWTA-AUTO-minute-swob.xml
2025-01-19 17:06:00+00:00,-9.1,1.8611111111111112,268.0,935.8,2025-01-19-1706-CWTA-AUTO-minute-swob.xml
2025-01-19 17:07:00+00:00,-9.1,1.777777777777778,250.0,-14.2,2025-01-19-1707-CWTA-AUTO-minute-swob.xml
2025-01-19 17:08:00+00:00,-8.9,1.8888888888888888,250.0,273.0,2025-01-19-1708-CWTA-AUTO-minute-swob.xml
2025-01-19 17:09:00+00:00,-8.8,1.777777777777778,233.0,268.0,2025-01-19-1709-CWTA-AUTO-minute-swob.xml
2025-01-19 17:10:00+00:00,-8.9,2.388888888888889,222.0,-9.9,2025-01-19-1710-CWTA-AUTO-minute-swob.xml
2025-01-19 17:11:00+00:00,-9.1,2.388888888888889,245.0,964.7,2025-01-19-1711-CWTA-AUTO-minute-swob.xml
2025-01-19 17:12:00+00:00,-9.0,1.6666666666666667,273.0,969.4,2025-01-19-1712-CWTA-AUTO-minute-swob.xml
2025-01-19 17:13:00+00:00,-8.9,1.527777777777778,236.0,245.0,2025-01-19-1713-CWTA-AUTO-minute-swob.xml
2025-01-19 17:14:00+00:00,-8.8,0.22222222222222224,310.0,0.2,2025-01-19-1714-CWTA-AUTO-minute-swob.xml
2025-01-19 17:15:00+00:00,-8.8,0.5833333333333334,291.0,981.4,2025-01-19-1715-CWTA-AUTO-minute-swob.xml
2025-01-19 17:16:00+00:00,-8.7,1.9166666666666667,254.0,985.1,2025-01-19-1716-CWTA-AUTO-minute-swob.xml
